,,,Life expectancy,,,,,,,,,,,,,,,,,,Premature age-adjusted mortality,,,,,,,,,,,,,,,,,,,Child mortality,,,,,,,,,,,,,,,,,,,Infant mortality,,,,,,,,,,,,,,,,,,,Frequent physical distress,,,Frequent mental distress,,,Diabetes prevalence,,,HIV prevalence,,Food insecurity,,Limited access to healthy foods,,Drug overdose deaths,,,,,,,,,,,,,,,,,,,Motor vehicle crash deaths,,,,,,,,,,,,,,,,,,,Insufficient sleep,,,Uninsured adults,,,,Uninsured children,,,,Other primary care providers,,High school graduation,,Disconnected youth,,,Reading scores,,,,,Math scores,,,,,Median household income,,,,,,,,,,,,,,,,,,Children eligible for free or reduced price lunch,Residential segregation - Black/White,Residential segregation - non-White/White,Homicides,,,,,,,,,,,,,,,,,,Suicides,,,,,,,,,,,,,,,,,,,,Firearm fatalities,,,,,,,,,,,,,,,,,,,Juvenile arrests,,,,Traffic volume,Homeownership,,,,Severe housing cost burden,,,,Broadband access,,,,Population,% below 18 years of age,% 65 and older,% Non-Hispanic Black,,% American Indian & Alaska Native,,% Asian,,% Native Hawaiian/Other Pacific Islander,,% Hispanic,,% Non-Hispanic White,,% not proficient in English,,,,% Females,% Rural,,
FIPS,State,County,Life Expectancy,95% CI - Low,95% CI - High,Life Expectancy (AIAN),Life Expectancy (AIAN) 95% CI - Low,Life Expectancy (AIAN) 95% CI - High,Life Expectancy (Asian),Life Expectancy (Asian) 95% CI - Low,Life Expectancy (Asian) 95% CI - High,Life Expectancy (Black),Life Expectancy (Black) 95% CI - Low,Life Expectancy (Black) 95% CI - High,Life Expectancy (Hispanic),Life Expectancy (Hispanic) 95% CI - Low,Life Expectancy (Hispanic) 95% CI - High,Life Expectancy (White),Life Expectancy (White) 95% CI - Low,Life Expectancy (White) 95% CI - High,# Deaths,Age-Adjusted Death Rate,95% CI - Low,95% CI - High,Age-Adjusted Mortality (AIAN),Age-Adjusted Mortality (AIAN) 95% CI - Low,Age-Adjusted Mortality (AIAN) 95% CI - High,Age-Adjusted Mortality (Asian),Age-Adjusted Mortality (Asian) 95% CI - Low,Age-Adjusted Mortality (Asian) 95% CI - High,Age-Adjusted Mortality (Black),Age-Adjusted Mortality (Black) 95% CI - Low,Age-Adjusted Mortality (Black) 95% CI - High,Age-Adjusted Mortality (Hispanic),Age-Adjusted Mortality (Hispanic) 95% CI - Low,Age-Adjusted Mortality (Hispanic) 95% CI - High,Age-Adjusted Mortality (White),Age-Adjusted Mortality (White) 95% CI - Low,Age-Adjusted Mortality (White) 95% CI - High,# Deaths,Child Mortality Rate,95% CI - Low,95% CI - High,Child Mortality Rate (AIAN),Child Mortality Rate (AIAN) 95% CI - Low,Child Mortality Rate (AIAN) 95% CI - High,Child Mortality Rate (Asian),Child Mortality Rate (Asian) 95% CI - Low,Child Mortality Rate (Asian) 95% CI - High,Child Mortality Rate (Black),Child Mortality Rate (Black) 95% CI - Low,Child Mortality Rate (Black) 95% CI - High,Child Mortality Rate (Hispanic),Child Mortality Rate (Hispanic) 95% CI - Low,Child Mortality Rate (Hispanic) 95% CI - High,Child Mortality Rate (White),Child Mortality Rate (White) 95% CI - Low,Child Mortality Rate (White) 95% CI - High,# Deaths,Infant Mortality Rate,95% CI - Low,95% CI - High,Infant Mortality Rate (AIAN),Infant Mortality Rate (AIAN) 95% CI - Low,Infant Mortality Rate (AIAN) 95% CI - High,Infant Mortality Rate (Asian),Infant Mortality Rate (Asian) 95% CI - Low,Infant Mortality Rate (Asian) 95% CI - High,Infant Mortality Rate (Black),Infant Mortality Rate (Black) 95% CI - Low,Infant Mortality Rate (Black) 95% CI - High,Infant Mortality Rate (Hispanic),Infant Mortality Rate (Hispanic) 95% CI - Low,Infant Mortality Rate (Hispanic) 95% CI - High,Infant Mortality Rate (White),Infant Mortality Rate (White) 95% CI - Low,Infant Mortality Rate (White) 95% CI - High,% Frequent Physical Distress,95% CI - Low,95% CI - High,% Frequent Mental Distress,95% CI - Low,95% CI - High,% Adults with Diabetes,95% CI - Low,95% CI - High,# HIV Cases,HIV Prevalence Rate,# Food Insecure,% Food Insecure,# Limited Access,% Limited Access to Healthy Foods,# Drug Overdose Deaths,Drug Overdose Mortality Rate,95% CI - Low,95% CI - High,Drug Overdose Mortality Rate (AIAN),Drug Overdose Mortality Rate (AIAN) 95% CI - Low,Drug Overdose Mortality Rate (AIAN) 95% CI - High,Drug Overdose Mortality Rate (Asian),Drug Overdose Mortality Rate (Asian) 95% CI - Low,Drug Overdose Mortality Rate (Asian) 95% CI - High,Drug Overdose Mortality Rate (Black),Drug Overdose Mortality Rate (Black) 95% CI - Low,Drug Overdose Mortality Rate (Black) 95% CI - High,Drug Overdose Mortality Rate (Hispanic),Drug Overdose Mortality Rate (Hispanic) 95% CI - Low,Drug Overdose Mortality Rate (Hispanic) 95% CI - High,Drug Overdose Mortality Rate (White),Drug Overdose Mortality Rate (White) 95% CI - Low,Drug Overdose Mortality Rate (White) 95% CI - High,# Motor Vehicle Deaths,Motor Vehicle Mortality Rate,95% CI - Low,95% CI - High,MV Mortality Rate (AIAN),MV Mortality Rate (AIAN) 95% CI - Low,MV Mortality Rate (AIAN) 95% CI - High,MV Mortality Rate (Asian),MV Mortality Rate (Asian) 95% CI - Low,MV Mortality Rate (Asian) 95% CI - High,MV Mortality Rate (Black),MV Mortality Rate (Black) 95% CI - Low,MV Mortality Rate (Black) 95% CI - High,MV Mortality Rate (Hispanic),MV Mortality Rate (Hispanic) 95% CI - Low,MV Mortality Rate (Hispanic) 95% CI - High,MV Mortality Rate (White),MV Mortality Rate (White) 95% CI - Low,MV Mortality Rate (White) 95% CI - High,% Insufficient Sleep,95% CI - Low,95% CI - High,# Uninsured,% Uninsured,95% CI - Low,95% CI - High,# Uninsured,% Uninsured,95% CI - Low,95% CI - High,Other Primary Care Provider Rate,Other Primary Care Provider Ratio,Cohort Size,High School Graduation Rate,% Disconnected Youth,95% CI - Low,95% CI - High,Average Grade Performance,Average Grade Performance (Asian),Average Grade Performance (Black),Average Grade Performance (Hispanic),Average Grade Performance (White),Average Grade Performance,Average Grade Performance (Asian),Average Grade Performance (Black),Average Grade Performance (Hispanic),Average Grade Performance (White),Median Household Income,95% CI - Low,95% CI - High,Household Income (AIAN),Household Income (AIAN) 95% CI - Low,Household Income (AIAN) 95% CI - High,Household Income (Asian),Household Income (Asian) 95% CI - Low,Household Income (Asian) 95% CI - High,Household Income (Black),Household Income (Black) 95% CI - Low,Household Income (Black) 95% CI - High,Household Income (Hispanic),Household Income (Hispanic) 95% CI - Low,Household Income (Hispanic) 95% CI - High,Household Income (White),Household Income (White) 95% CI - Low,Household Income (White) 95% CI - High,% Enrolled in Free or Reduced Lunch,Segregation index,Segregation Index,Homicide Rate,95% CI - Low,95% CI - High,Homicide Rate (AIAN),Homicide Rate (AIAN) 95% CI - Low,Homicide Rate (AIAN) 95% CI - High,Homicide Rate (Asian),Homicide Rate (Asian) 95% CI - Low,Homicide Rate (Asian) 95% CI - High,Homicide Rate (Black),Homicide Rate (Black) 95% CI - Low,Homicide Rate (Black) 95% CI - High,Homicide Rate (Hispanic),Homicide Rate (Hispanic) 95% CI - Low,Homicide Rate (Hispanic) 95% CI - High,Homicide Rate (White),Homicide Rate (White) 95% CI - Low,Homicide Rate (White) 95% CI - High,# Deaths,Suicide Rate (Age-Adjusted),95% CI - Low,95% CI - High,Crude Rate,Suicide Rate (AIAN),Suicide Rate (AIAN) 95% CI - Low,Suicide Rate (AIAN) 95% CI - High,Suicide Rate (Asian),Suicide Rate (Asian) 95% CI - Low,Suicide Rate (Asian) 95% CI - High,Suicide Rate (Black),Suicide Rate (Black) 95% CI - Low,Suicide Rate (Black) 95% CI - High,Suicide Rate (Hispanic),Suicide Rate (Hispanic) 95% CI - Low,Suicide Rate (Hispanic) 95% CI - High,Suicide Rate (White),Suicide Rate (White) 95% CI - Low,Suicide Rate (White) 95% CI - High,# Firearm Fatalities,Firearm Fatalities Rate,95% CI - Low,95% CI - High,Firearm Fatalities Rate (AIAN),Firearm Fatalities Rate (AIAN) 95% CI - Low,Firearm Fatalities Rate (AIAN) 95% CI - High,Firearm Fatalities Rate (Asian),Firearm Fatalities Rate (Asian) 95% CI - Low,Firearm Fatalities Rate (Asian) 95% CI - High,Firearm Fatalities Rate (Black),Firearm Fatalities Rate (Black) 95% CI - Low,Firearm Fatalities Rate (Black) 95% CI - High,Firearm Fatalities Rate (Hispanic),Firearm Fatalities Rate (Hispanic) 95% CI - Low,Firearm Fatalities Rate (Hispanic) 95% CI - High,Firearm Fatalities Rate (White),Firearm Fatalities Rate (White) 95% CI - Low,Firearm Fatalities Rate (White) 95% CI - High,Non-Petitioned Cases,Petitioned Cases,Denominator,Juvenile Arrest Rate,Traffic Volume,# Homeowners,% Homeowners,95% CI - Low,95% CI - High,# Households with Severe Cost Burden,% Severe Housing Cost Burden,95% CI - Low,95% CI - High,% Broadband Access,Numerator,95% CI - Low,95% CI - High,Population,% Less Than 18 Years of Age,% 65 and Over,# Black,% Black,# American Indian & Alaska Native,% American Indian & Alaska Native,# Asian,% Asian,# Native Hawaiian/Other Pacific Islander,% Native Hawaiian/Other Pacific Islander,# Hispanic,% Hispanic,# Non-Hispanic White,% Non-Hispanic White,# Not Proficient in English,% Not Proficient in English,95% CI - Low,95% CI - High,% Female,# Rural,% Rural,
05000,Arkansas,,76.0,75.9,76.2,109.9,98.1,121.7,85.1,83.4,86.8,73.1,72.8,73.4,91.5,89.3,93.6,76.1,76.0,76.2,48253,457,453,462,167,138,196,225,201,249,601,588,613,181,168,195,454,450,459,1897,67,64,70,,,,78,58,103,101,92,109,40,34,47,62,59,66,2017,8,7,8,,,,9,7,12,11,11,12,5,4,6,7,7,7,15,14,17,17,15,19,14,,,5722,228,521490,17,254970,9,1278,14,13,15,,,,,,,9,8,11,3,2,4,17,16,18,3813,18,18,19,,,,7,5,10,18,17,20,11,9,12,19,19,20,37,35,39,205307,12,11,12,31477,4,4,5,92,1083:1,35245,89,9,8,9,2.9,3.2,2.4,2.7,3.1,2.8,3.0,2.3,2.6,3.0,49020,48016,50024,40625,37564,43686,71716,65387,78045,32070,31383,32757,42532,41217,43847,51681,51200,52162,64,64,51,8,8,8,,,,3,2,5,27,25,28,4,3,5,5,4,5,2863,19,18,20,19,13,8,21,10,7,15,7,6,8,5,4,6,23,22,24,2827,19,18,20,,,,6,4,10,29,27,31,5,4,7,19,18,19,,6312,319600,,167,759455,66,65,66,125057,11,11,12,73,845966,72,74,3017804,23.2,17.4,465209,15.4,30717,1.0,50403,1.7,11786,0.4,236631,7.8,2173848,72.0,44613,2,2,2,50.9,1278329,43.8,
05001,Arkansas,Arkansas,74.2,72.9,75.5,,,,,,,73.2,70.1,76.2,,,,74.6,73.2,76.1,341,517,458,575,,,,,,,593,473,735,,,,502,434,569,10,61,29,113,,,,,,,,,,,,,,,,,,,,,,,,,,,,,,,,,,,17,16,19,17,16,19,19,13,25,34,230,3500,19,3390,18,,,,,,,,,,,,,,,,,,,,38,30,21,41,,,,,,,50,29,82,,,,23,14,36,36,34,37,1073,11,9,12,177,4,3,6,63,1590:1,211,92,,,,2.7,,2.3,,3.0,2.6,,2.1,,3.0,52539,47789,57289,,,,,,,28479,23639,33319,31435,8716,54154,54471,48225,60717,83,36,36,11,6,18,,,,,,,,,,,,,,,,13,14,7,25,14,,,,,,,,,,,,,,,,17,19,11,30,,,,,,,,,,,,,,,,,37,1700,22,80,4883,65,63,67,785,11,8,15,68,5070,64,71,17486,22.9,20.3,4315,24.7,61,0.3,144,0.8,6,0.0,602,3.4,12075,69.1,48,0,0,1,51.7,6601,34.7,
05003,Arkansas,Ashley,75.0,73.7,76.3,,,,,,,71.8,69.1,74.6,,,,75.8,74.4,77.3,404,512,459,565,,,,,,,716,586,846,,,,466,406,525,11,60,30,107,,,,,,,,,,,,,,,,,,,,,,,,,,,,,,,,,,,17,16,19,18,16,19,14,10,18,17,101,4030,20,2623,12,,,,,,,,,,,,,,,,,,,,34,24,16,33,,,,,,,,,,,,,,,,37,36,38,1333,12,10,14,193,4,3,5,66,1512:1,267,90,,,,2.6,,2.1,2.7,2.8,2.7,,2.2,3.0,2.8,47744,42206,53282,,,,,,,22510,16466,28554,,,,54887,48445,61329,64,22,20,8,4,15,,,,,,,,,,,,,,,,15,14,8,24,15,,,,,,,,,,,,,,,,23,23,14,34,,,,,,,,,,,,,,,,,43,2100,20,36,6010,77,75,80,821,11,7,15,61,4757,56,66,19657,22.4,20.9,4766,24.2,152,0.8,53,0.3,19,0.1,1119,5.7,13456,68.5,290,2,1,2,51.3,11294,51.7,
05005,Arkansas,Baxter,77.0,76.1,78.0,,,,,,,,,,,,,,,,821,446,411,482,,,,,,,,,,,,,,,,11,37,19,67,,,,,,,,,,,,,,,,,,,,,,,,,,,,,,,,,,,15,13,16,16,14,18,16,12,20,33,91,6720,16,1835,4,24,19,12,29,,,,,,,,,,,,,,,,50,17,13,23,,,,,,,,,,,,,,,,32,31,34,2222,10,9,12,322,4,3,6,134,749:1,424,89,,,,3.1,,,,,2.9,,,,,41950,38970,44930,,,,,,,,,,38464,18549,58379,41962,39796,44128,58,,30,5,2,8,,,,,,,,,,,,,,,,69,30,22,39,33,,,,,,,,,,,,,,,,60,29,22,37,,,,,,,,,,,,,,,,,71,3500,20,84,14038,76,75,78,1484,8,7,10,75,13749,72,77,41932,17.8,31.1,173,0.4,333,0.8,205,0.5,29,0.1,1102,2.6,39544,94.3,39,0,0,0,51.5,27333,65.8,
05007,Arkansas,Benton,79.9,79.5,80.3,89.6,78.8,100.4,90.2,77.3,103.1,,,,85.0,82.9,87.1,79.2,78.8,79.6,2661,311,299,323,183,113,280,223,165,294,316,206,462,159,130,187,336,322,350,148,52,44,61,,,,,,,,,,40,26,58,57,46,68,156,6,5,7,,,,,,,,,,5,4,7,7,6,8,13,11,14,14,12,15,10,8,11,270,122,30160,12,11738,5,95,12,9,14,,,,,,,,,,,,,,,,172,10,8,11,,,,,,,,,,5,3,8,11,9,12,33,31,34,19594,12,11,13,4058,5,4,7,74,1349:1,3074,90,8,6,10,3.3,3.6,3.3,3.0,3.4,3.1,3.6,3.0,2.7,3.2,70775,66057,75493,49583,40304,58862,95190,88302,102078,60000,45737,74263,53554,50026,57082,68449,66861,70037,42,49,32,2,1,3,,,,,,,,,,,,,,,,227,17,15,20,17,,,,,,,,,,,,,,,,142,11,9,12,,,,,,,,,,,,,,,,,496,32600,15,151,64742,67,66,68,7903,8,8,9,70,68140,68,72,279141,26.0,13.6,5068,1.8,5217,1.9,11628,4.2,2032,0.7,47630,17.1,202658,72.6,8456,3,,,50.3,55689,25.2,
05009,Arkansas,Boone,76.7,75.8,77.6,,,,,,,,,,,,,,,,627,448,410,485,,,,,,,,,,,,,,,,17,50,29,80,,,,,,,,,,,,,,,,23,7,5,11,,,,,,,,,,,,,,,,16,14,17,17,15,18,11,8,15,21,67,5930,16,3822,10,12,11,6,19,,,,,,,,,,,,,,,,47,18,13,24,,,,,,,,,,,,,,,,35,33,36,2288,11,9,13,353,4,3,5,99,1012:1,429,90,14,6,22,3.3,,,3.0,3.3,3.2,,,2.9,3.2,50083,46799,53367,,,,,,,,,,46250,44009,48491,45364,42913,47815,58,,33,5,2,8,,,,,,,,,,,,,,,,47,25,18,34,25,,,,,,,,,,,,,,,,39,21,15,29,,,,,,,,,,,,,,,,,43,3900,11,93,10793,72,70,74,1219,8,6,11,81,12182,78,84,37432,22.8,20.9,157,0.4,327,0.9,218,0.6,42,0.1,988,2.6,35078,93.7,12,0,0,0,50.7,22953,62.2,
05011,Arkansas,Bradley,73.0,71.1,74.9,,,,,,,67.4,63.5,71.3,,,,75.1,72.8,77.4,214,552,475,629,,,,,,,747,586,940,,,,498,402,594,13,125,66,213,,,,,,,,,,,,,,,,,,,,,,,,,,,,,,,,,,,17,16,18,17,16,18,18,10,31,11,122,2140,20,595,5,,,,,,,,,,,,,,,,,,,,22,29,18,43,,,,,,,,,,,,,,,,38,37,39,872,14,12,17,133,5,3,7,28,3588:1,159,89,,,,2.7,,2.6,2.5,3.0,2.6,,2.4,2.6,2.7,39982,34275,45689,,,,,,,37422,23187,51657,30889,23583,38195,54470,46868,62072,100,10,13,,,,,,,,,,,,,,,,,,,10,17,8,33,18,,,,,,,,,,,,,,,,10,18,9,34,,,,,,,,,,,,,,,,,48,1200,40,37,2880,65,61,69,498,12,8,17,67,2974,62,72,10763,24.0,19.2,2905,27.0,167,1.6,51,0.5,5,0.0,1716,15.9,5928,55.1,365,4,,,51.0,5707,49.6,
05013,Arkansas,Calhoun,73.0,70.4,75.6,,,,,,,,,,,,,,,,134,614,502,727,,,,,,,848,572,1211,,,,573,456,711,,,,,,,,,,,,,,,,,,,,,,,,,,,,,,,,,,,,,,,17,15,18,17,16,19,10,5,17,6,131,880,17,1747,33,,,,,,,,,,,,,,,,,,,,12,33,17,57,,,,,,,,,,,,,,,,37,36,39,288,10,8,11,42,4,3,6,96,1038:1,,,,,,2.5,,,,,2.9,,,,,48415,42369,54461,,,,,,,31976,20562,43390,,,,53173,44697,61649,73,9,9,,,,,,,,,,,,,,,,,,,,,,,,,,,,,,,,,,,,,,,,,,,,,,,,,,,,,,,,,,,0,500,0,17,1569,85,82,87,127,7,2,12,63,1173,55,72,5189,18.9,22.0,1093,21.1,41,0.8,12,0.2,1,0.0,214,4.1,3741,72.1,18,0,0,2,49.5,5368,100.0,
05015,Arkansas,Carroll,76.6,75.4,77.8,,,,,,,,,,99.7,58.3,141.1,75.2,73.8,76.6,520,452,409,495,,,,,,,,,,228,133,364,501,450,553,24,98,63,146,,,,,,,,,,,,,,,,,,,,,,,,,,,,,,,,,,,15,14,17,16,14,17,9,6,13,55,230,4000,14,1047,4,20,24,14,37,,,,,,,,,,,,,,,,48,25,18,33,,,,,,,,,,,,,,,,35,33,36,2408,16,13,18,377,6,4,8,32,3153:1,302,87,,,,2.8,,,2.8,2.8,2.7,,,2.8,2.7,43841,38004,49678,,,,86292,29910,142674,,,,40685,33275,48095,47634,42844,52424,73,59,28,,,,,,,,,,,,,,,,,,,36,24,16,34,26,,,,,,,,,,,,,,,,21,15,9,23,,,,,,,,,,,,,,,,,33,2800,12,1,8436,76,74,77,884,8,6,11,69,7659,64,73,28380,21.4,23.9,162,0.6,388,1.4,570,2.0,400,1.4,4306,15.2,22245,78.4,1136,4,3,5,50.2,19990,72.8,
05017,Arkansas,Chicot,72.7,70.8,74.7,,,,,,,71.5,68.9,74.0,,,,73.5,70.3,76.6,229,610,526,695,,,,,,,680,555,805,,,,580,459,724,11,117,58,209,,,,,,,,,,,,,,,,,,,,,,,,,,,,,,,,,,,19,17,20,18,16,19,9,6,13,30,343,2590,24,3940,33,,,,,,,,,,,,,,,,,,,,15,20,11,33,,,,,,,,,,,,,,,,41,40,42,598,11,9,13,93,4,3,5,178,562:1,90,92,,,,2.3,,,,,2.2,,,,,37014,32757,41271,,,,140982,77732,204232,28068,16770,39366,32765,9934,55596,45469,37766,53172,100,54,53,13,6,24,,,,,,,,,,,,,,,,,,,,,,,,,,,,,,,,,,,,11,21,10,37,,,,,,,,,,,,,,,,,32,1100,29,31,2513,62,58,66,517,15,10,19,62,2531,57,67,10118,21.9,21.1,5436,53.7,53,0.5,71,0.7,4,0.0,600,5.9,3892,38.5,135,1,0,2,49.6,6405,54.3,
05019,Arkansas,Clark,76.4,75.2,77.6,,,,,,,74.7,71.9,77.6,,,,76.8,75.5,78.1,324,454,402,505,,,,,,,501,394,629,,,,444,384,504,10,59,28,108,,,,,,,,,,,,,,,,,,,,,,,,,,,,,,,,,,,15,13,16,16,14,17,15,9,22,28,147,3920,18,4934,21,,,,,,,,,,,,,,,,,,,,36,23,16,32,,,,,,,26,13,48,,,,21,13,31,36,35,38,1217,10,8,12,162,4,3,5,90,1116:1,183,91,,,,2.4,,2.1,,2.7,2.2,,1.8,,2.6,44105,37991,50219,,,,,,,32034,26880,37188,49167,21538,76796,45010,40395,49625,63,31,28,,,,,,,,,,,,,,,,,,,16,15,8,24,14,,,,,,,,,,,,,,,,12,11,6,19,,,,,,,,,,,,,,,,,,1900,,145,4859,58,55,60,905,11,8,15,69,5797,65,73,22320,19.0,16.8,5413,24.3,133,0.6,158,0.7,14,0.1,1075,4.8,15247,68.3,258,1,0,2,52.5,12504,54.4,
05021,Arkansas,Clay,72.8,71.4,74.3,,,,,,,,,,,,,,,,327,579,512,645,,,,,,,,,,,,,,,,10,79,38,145,,,,,,,,,,,,,,,,,,,,,,,,,,,,,,,,,,,18,16,20,18,17,20,10,6,15,9,72,3000,20,693,4,,,,,,,,,,,,,,,,,,,,39,37,26,51,,,,,,,,,,,,,,,,36,34,37,981,12,10,14,143,4,3,6,69,1455:1,169,91,,,,2.8,,,,,2.6,,,,,40686,35779,45593,,,,,,,,,,,,,,,,68,,29,,,,,,,,,,,,,,,,,,,15,19,11,32,20,,,,,,,,,,,,,,,,14,19,10,32,,,,,,,,,,,,,,,,,26,1500,17,37,4344,67,64,70,667,11,8,14,67,4302,64,70,14551,21.2,21.9,120,0.8,84,0.6,36,0.2,3,0.0,320,2.2,13809,94.9,17,0,0,1,51.2,9466,58.9,
05023,Arkansas,Cleburne,75.7,74.3,77.0,,,,,,,,,,,,,,,,495,479,432,527,,,,,,,,,,,,,,,,20,105,64,162,,,,,,,,,,,,,,,,,,,,,,,,,,,,,,,,,,,15,14,17,16,15,18,13,8,19,22,102,4050,16,847,3,10,13,6,25,,,,,,,,,,,,,,,,43,24,18,33,,,,,,,,,,,,,,,,34,33,36,1519,11,9,13,216,4,3,6,72,1384:1,231,88,,,,3.2,,,,,2.9,,,,,46214,40827,51601,35000,18164,51836,,,,,,,26550,3391,49709,45087,41641,48533,63,56,25,7,4,12,,,,,,,,,,,,,,,,31,24,16,36,25,,,,,,,,,,,,,,,,28,22,15,32,,,,,,,,,,,,,,,,,,2300,,19,8110,75,72,79,863,8,6,11,75,8122,73,78,24919,18.8,27.2,101,0.4,184,0.7,132,0.5,9,0.0,611,2.5,23545,94.5,8,0,0,0,50.9,19613,75.5,
05025,Arkansas,Cleveland,75.8,73.7,77.8,,,,,,,,,,,,,,,,153,469,389,549,,,,,,,,,,,,,,,,,,,,,,,,,,,,,,,,,,,,,,,,,,,,,,,,,,,,,,17,15,18,17,16,19,16,10,23,8,117,1440,18,479,6,,,,,,,,,,,,,,,,,,,,22,38,24,58,,,,,,,,,,,,,,,,36,34,37,419,9,7,11,77,4,3,6,50,1989:1,,,,,,2.8,,2.4,,2.9,2.5,,2.0,,2.7,53773,46792,60754,,,,,,,26518,16841,36195,,,,48590,43172,54008,55,1,4,,,,,,,,,,,,,,,,,,,,,,,,,,,,,,,,,,,,,,,,,,,,,,,,,,,,,,,,,,,1-4,900,,7,2446,76,71,81,189,6,3,10,61,1948,56,65,7956,21.6,21.4,907,11.4,41,0.5,14,0.2,3,0.0,197,2.5,6704,84.3,29,0,0,2,50.5,8689,100.0,
05027,Arkansas,Columbia,75.5,74.3,76.6,,,,,,,71.0,68.8,73.1,,,,77.9,76.5,79.2,390,494,443,545,,,,,,,681,577,784,,,,407,348,466,12,61,32,107,,,,,,,,,,,,,,,,,,,,,,,,,,,,,,,,,,,17,15,18,17,16,18,19,13,26,34,170,4740,20,1777,7,,,,,,,,,,,,,,,,,,,,36,22,15,30,,,,,,,25,14,41,,,,20,12,31,39,38,40,1527,12,10,14,203,4,3,5,55,1804:1,259,89,,,,2.9,,2.5,,3.2,2.8,,2.2,,3.3,42964,37058,48870,,,,,,,23013,18043,27983,,,,49769,40610,58928,66,29,26,7,3,12,,,,,,,,,,,,,,,,19,18,10,28,16,,,,,,,,,,,,,,,,23,19,12,29,,,,,,,,,,,,,,,,,22,2200,10,48,6029,70,68,73,1229,15,11,19,62,5351,59,66,23457,20.6,17.7,8231,35.1,145,0.6,214,0.9,10,0.0,659,2.8,13967,59.5,205,1,0,2,51.7,14114,57.5,
05029,Arkansas,Conway,74.8,73.5,76.1,,,,,,,75.7,71.1,80.2,,,,74.8,73.4,76.1,397,503,450,555,,,,,,,522,370,717,,,,504,447,561,17,90,52,144,,,,,,,,,,,,,,,,,,,,,,,,,,,,,,,,,,,16,14,17,17,15,18,17,11,27,23,131,3870,19,1340,6,,,,,,,,,,,,,,,,,,,,32,22,15,31,,,,,,,,,,,,,,,,35,34,37,1231,10,8,12,190,4,3,5,34,2978:1,233,89,,,,2.9,,2.9,,2.9,2.7,,2.5,,2.8,46924,42029,51819,40625,21861,59389,,,,40464,36020,44908,39198,20392,58004,45525,39148,51902,80,36,27,,,,,,,,,,,,,,,,,,,24,24,15,36,23,,,,,,,,,,,,,,,,16,15,9,25,,,,,,,,,,,,,,,,,7,2100,3,68,5590,67,63,71,695,9,6,12,65,5432,61,69,20846,22.6,19.7,2350,11.3,181,0.9,88,0.4,7,0.0,836,4.0,16970,81.4,156,1,0,2,50.8,15001,70.5,
05031,Arkansas,Craighead,77.0,76.4,77.5,,,,,,,73.1,70.9,75.2,,,,77.1,76.5,77.7,1397,417,394,439,,,,,,,579,488,671,,,,412,388,436,72,67,52,84,,,,,,,94,60,139,,,,65,47,86,83,8,6,10,,,,,,,13,9,19,,,,7,5,10,15,13,16,16,14,17,14,11,17,147,165,17790,17,8261,9,30,9,6,13,,,,,,,,,,,,,,,,122,16,14,19,,,,,,,12,7,20,,,,18,14,21,35,34,36,7462,12,10,14,1145,4,3,5,180,554:1,1271,92,5,2,7,2.9,,2.4,2.5,3.1,2.8,,2.2,2.6,3.1,47766,43098,52434,,,,33125,5171,61079,30564,23863,37265,33482,23863,43101,52351,49824,54878,59,43,40,7,5,9,,,,,,,22,14,32,,,,4,2,6,87,16,13,20,16,,,,,,,,,,,,,,,,93,17,14,21,,,,,,,22,13,34,,,,18,14,22,,295,11900,25,192,23623,57,55,59,4774,12,11,14,82,33757,80,83,110332,25.0,14.0,18267,16.6,588,0.5,1412,1.3,61,0.1,5793,5.3,82589,74.9,682,1,0,1,51.5,31024,32.2,
05033,Arkansas,Crawford,77.0,76.3,77.8,,,,,,,,,,,,,,,,960,424,396,451,,,,,,,,,,,,,,,,28,45,30,65,,,,,,,,,,,,,,,,34,6,4,9,,,,,,,,,,,,,,,,16,15,18,17,15,18,14,10,19,59,113,9970,16,4855,8,27,14,9,21,,,,,,,,,,,,,,,,59,14,10,17,,,,,,,,,,,,,,,,35,33,36,4553,12,10,14,780,5,3,6,24,4217:1,874,90,12,6,18,2.8,,2.6,2.8,2.8,2.7,,2.2,2.6,2.7,44600,40329,48871,37813,22580,53046,,,,23066,10435,35697,40070,22384,57756,48267,45926,50608,63,68,35,4,2,7,,,,,,,,,,,,,,,,70,23,18,29,22,,,,,,,,,,,,,,,,43,14,10,18,,,,,,,,,,,,,,,,,114,7300,16,166,18211,76,74,78,2235,10,8,11,73,17391,70,75,63257,24.3,17.2,960,1.5,1648,2.6,976,1.5,42,0.1,5131,8.1,52887,83.6,687,1,1,2,50.6,32189,52.0,
05035,Arkansas,Crittenden,72.8,71.9,73.7,,,,,,,71.1,69.9,72.4,,,,74.2,72.9,75.4,936,598,558,637,,,,,,,668,608,727,,,,556,500,612,55,103,78,135,,,,,,,,,,,,,,,,47,9,7,12,,,,,,,,,,,,,,,,17,16,19,17,16,19,17,13,22,202,519,9470,19,2521,5,32,22,15,31,,,,,,,,,,,,,,,,68,20,15,25,,,,,,,20,14,28,,,,20,14,29,40,39,41,2953,11,9,12,454,3,2,5,92,1090:1,744,89,9,5,13,2.4,,2.2,2.7,2.9,2.5,,2.2,2.5,3.0,41976,37000,46952,,,,68882,53576,84188,31509,29798,33220,27500,9532,45468,56881,51101,62661,89,49,45,20,16,26,,,,,,,,,,,,,,,,32,13,9,19,13,,,,,,,,,,,,,,,,65,27,21,34,,,,,,,34,24,45,,,,20,13,31,,159,5900,27,256,10956,57,56,59,2656,15,12,17,76,14545,75,78,47955,27.1,14.5,25976,54.2,197,0.4,310,0.6,26,0.1,1331,2.8,19608,40.9,230,1,0,1,52.5,10632,20.9,
05037,Arkansas,Cross,72.8,71.4,74.2,,,,,,,72.5,69.1,76.0,,,,72.9,71.3,74.5,367,602,537,666,,,,,,,643,509,801,,,,596,522,671,15,95,53,156,,,,,,,,,,,,,,,,,,,,,,,,,,,,,,,,,,,17,15,18,17,16,19,19,13,27,27,195,3010,18,1147,6,,,,,,,,,,,,,,,,,,,,31,26,18,37,,,,,,,,,,,,,,,,37,36,38,1065,11,9,13,154,4,3,5,67,1493:1,250,90,,,,2.9,,2.5,,3.1,2.9,,2.4,,3.1,45273,39576,50970,,,,,,,34063,28663,39463,28908,28400,29416,53054,46813,59295,66,56,45,,,,,,,,,,,,,,,,,,,21,25,15,38,25,,,,,,,,,,,,,,,,14,17,9,28,,,,,,,,,,,,,,,,,42,1800,23,109,4447,67,63,70,619,10,7,13,71,4698,67,75,16419,23.2,19.3,3778,23.0,71,0.4,130,0.8,8,0.0,328,2.0,11870,72.3,5,0,,,51.4,10148,56.8,
05039,Arkansas,Dallas,75.4,73.2,77.6,,,,,,,74.8,70.3,79.2,,,,76.4,73.6,79.2,168,562,468,655,,,,,,,682,533,860,,,,492,380,628,,,,,,,,,,,,,,,,,,,,,,,,,,,,,,,,,,,,,,,17,15,18,17,16,18,17,9,28,,,1330,18,1486,18,,,,,,,,,,,,,,,,,,,,13,25,13,42,,,,,,,,,,,,,,,,38,37,39,355,9,8,11,49,3,2,5,57,1752:1,,,,,,2.9,,2.6,,3.2,3.0,,2.9,,3.2,41314,35875,46753,,,,,,,32074,21640,42508,,,,43343,34895,51791,43,36,34,,,,,,,,,,,,,,,,,,,,,,,,,,,,,,,,,,,,,,,11,30,15,54,,,,,,,,,,,,,,,,,1-4,800,,27,2010,68,59,76,265,9,5,14,58,1733,53,64,7009,21.0,24.4,2829,40.4,49,0.7,19,0.3,4,0.1,271,3.9,3731,53.2,4,0,,,50.5,4272,52.6,
05041,Arkansas,Desha,72.8,71.1,74.6,,,,,,,71.0,68.6,73.3,,,,73.2,70.4,76.0,252,600,520,679,,,,,,,707,581,832,,,,564,447,681,,,,,,,,,,,,,,,,,,,,,,,,,,,,,,,,,,,,,,,19,18,21,19,17,20,10,5,15,19,202,2640,22,2602,20,,,,,,,,,,,,,,,,,,,,24,29,18,43,,,,,,,31,16,53,,,,31,16,55,40,39,42,804,13,10,15,137,5,3,6,97,1033:1,182,88,,,,2.5,,2.4,,2.8,2.3,,2.1,,2.6,37005,31726,42284,,,,,,,25484,22317,28651,26171,8917,43425,45491,38331,52651,69,25,22,13,7,24,,,,,,,,,,,,,,,,,,,,,,,,,,,,,,,,,,,,13,22,12,38,,,,,,,,,,,,,,,,,45,1300,35,74,3199,61,58,65,477,10,7,14,55,2860,50,60,11361,25.3,19.6,5316,46.8,52,0.5,80,0.7,17,0.1,731,6.4,5059,44.5,274,2,1,4,52.8,4087,31.4,
05043,Arkansas,Drew,75.4,73.9,76.9,,,,,,,75.1,71.7,78.6,,,,75.1,73.3,76.9,296,493,434,551,,,,,,,558,442,695,,,,491,420,561,18,113,67,178,,,,,,,,,,,,,,,,,,,,,,,,,,,,,,,,,,,16,15,18,17,15,18,18,11,26,23,148,3370,18,1997,11,,,,,,,,,,,,,,,,,,,,31,24,16,34,,,,,,,,,,,,,,,,37,36,39,1027,10,8,12,153,4,3,5,66,1518:1,281,96,,,,2.3,,2.1,,2.6,2.6,,2.3,,2.8,44162,38065,50259,,,,,,,29219,22588,35850,,,,57537,50047,65027,68,21,19,12,7,20,,,,,,,,,,,,,,,,16,19,11,32,17,,,,,,,,,,,,,,,,18,19,12,31,,,,,,,,,,,,,,,,,50,1800,28,76,4845,68,65,71,698,11,7,14,69,4974,65,74,18219,21.6,18.2,5092,27.9,98,0.5,125,0.7,8,0.0,684,3.8,12044,66.1,18,0,0,1,51.3,8997,48.6,
05045,Arkansas,Faulkner,76.7,76.2,77.2,,,,90.8,73.5,108.2,74.4,72.6,76.2,93.2,70.7,115.8,76.7,76.1,77.2,1579,413,393,434,,,,,,,518,438,599,207,116,341,411,389,433,69,60,47,76,,,,,,,91,52,148,,,,54,39,71,78,7,6,9,,,,,,,12,8,18,,,,6,5,8,14,13,16,15,14,17,10,8,13,154,148,19080,16,6301,6,53,14,11,19,,,,,,,,,,,,,,,,132,15,13,18,,,,,,,15,9,25,,,,16,13,19,36,34,37,7508,10,8,11,1107,4,3,5,89,1125:1,1371,92,3,1,5,3.2,3.8,2.7,2.8,3.4,3.0,4.0,2.5,2.7,3.1,58482,52621,64343,,,,63947,43766,84128,35776,32746,38806,30300,25225,35375,57324,55046,59602,48,38,35,5,4,7,,,,,,,15,9,25,,,,4,2,5,105,17,14,20,17,,,,,,,,,,,,,,,,92,15,12,18,,,,,,,16,8,28,,,,16,12,20,,147,13200,11,176,27776,62,61,64,6252,15,13,16,80,35853,79,82,126007,22.8,12.9,15164,12.0,864,0.7,1582,1.3,92,0.1,5277,4.2,100734,79.9,790,1,0,1,51.2,43891,38.8,
05047,Arkansas,Franklin,74.9,73.5,76.4,,,,,,,,,,,,,,,,320,505,446,563,,,,,,,,,,,,,,,,13,80,43,137,,,,,,,,,,,,,,,,,,,,,,,,,,,,,,,,,,,17,16,19,18,16,20,14,8,23,17,114,3290,19,660,4,,,,,,,,,,,,,,,,,,,,30,24,16,34,,,,,,,,,,,,,,,,36,35,38,1236,12,10,14,189,4,3,6,23,4429:1,174,95,27,11,42,3.2,,,,,3.1,,,,,45670,39218,52122,26500,10476,42524,28523,26588,30458,,,,,,,38877,35879,41875,56,,15,,,,,,,,,,,,,,,,,,,25,30,19,45,28,,,,,,,,,,,,,,,,17,19,11,31,,,,,,,,,,,,,,,,,67,2000,34,4,4740,71,67,74,908,15,10,19,62,4186,58,67,17715,22.3,19.9,151,0.9,280,1.6,190,1.1,36,0.2,574,3.2,16220,91.6,3,0,0,1,50.1,14972,82.6,
05049,Arkansas,Fulton,74.2,72.3,76.0,,,,,,,,,,,,,,,,271,545,471,619,,,,,,,,,,,,,,,,,,,,,,,,,,,,,,,,,,,,,,,,,,,,,,,,,,,,,,18,16,20,19,17,20,13,8,19,15,142,2400,20,1486,12,,,,,,,,,,,,,,,,,,,,18,21,12,33,,,,,,,,,,,,,,,,36,35,38,712,11,9,13,125,5,3,6,200,499:1,,,,,,3.4,,,,,3.4,,,,,32926,29757,36095,24250,11179,37321,,,,,,,,,,35972,31624,40320,75,,31,,,,,,,,,,,,,,,,,,,16,26,14,44,26,,,,,,,,,,,,,,,,13,21,11,36,,,,,,,,,,,,,,,,,,1300,,26,3965,80,76,84,482,10,7,14,58,2880,53,63,12477,21.1,26.0,85,0.7,101,0.8,42,0.3,2,0.0,215,1.7,11787,94.5,65,1,0,2,50.6,11378,92.9,
05051,Arkansas,Garland,75.0,74.4,75.6,,,,,,,70.9,68.8,73.1,85.9,80.8,91.1,75.1,74.4,75.7,1964,502,478,526,,,,,,,715,611,820,191,123,284,502,475,528,55,69,52,90,,,,,,,101,50,181,,,,68,49,93,50,7,5,9,,,,,,,,,,,,,,,,16,14,17,16,15,18,16,13,20,196,231,17320,18,10289,11,82,28,22,34,,,,,,,,,,,,,,,,167,24,21,28,,,,,,,16,8,30,,,,26,22,30,35,34,37,6879,13,11,14,919,4,3,6,117,857:1,1102,84,13,7,18,2.9,,2.4,2.8,3.1,2.9,,2.4,2.8,3.0,45786,42021,49551,,,,,,,26952,21260,32644,36893,19939,53847,46868,44280,49456,67,54,38,9,7,12,,,,,,,32,20,50,,,,7,5,9,142,28,23,33,29,,,,,,,,,,,,,,,,125,25,21,30,,,,,,,38,22,60,,,,25,20,30,,270,9100,30,205,27270,68,66,69,5025,13,11,15,79,31596,76,81,99386,19.9,24.3,8480,8.5,783,0.8,855,0.9,68,0.1,5900,5.9,81164,81.7,1178,1,1,2,51.9,35436,36.9,
05053,Arkansas,Grant,76.6,75.3,78.0,,,,,,,,,,,,,,,,287,421,370,472,,,,,,,,,,,,,,,,11,67,34,120,,,,,,,,,,,,,,,,,,,,,,,,,,,,,,,,,,,14,13,16,15,14,17,17,11,25,21,137,2760,15,790,4,10,18,9,34,,,,,,,,,,,,,,,,30,24,16,34,,,,,,,,,,,,,,,,34,32,36,870,8,7,9,150,3,2,5,55,1827:1,365,93,,,,3.2,,,,,3.0,,,,,58566,51691,65441,,,,,,,,,,,,,,,,45,17,10,,,,,,,,,,,,,,,,,,,21,21,13,33,23,,,,,,,,,,,,,,,,20,22,13,34,,,,,,,,,,,,,,,,,25,2000,13,41,5499,80,77,83,661,10,7,13,74,5078,70,78,18265,22.0,18.5,469,2.6,89,0.5,73,0.4,12,0.1,552,3.0,16853,92.3,28,0,0,1,50.6,13395,75.0,
05055,Arkansas,Greene,74.7,73.9,75.5,,,,,,,,,,,,,,,,790,507,471,543,,,,,,,,,,,,,,,,26,59,38,86,,,,,,,,,,,,,,,,31,8,5,11,,,,,,,,,,,,,,,,15,14,17,17,15,18,15,10,21,34,91,7740,17,3984,9,11,8,4,15,,,,,,,,,,,,,,,,64,21,16,26,,,,,,,,,,,,,,,,34,32,36,2404,9,7,11,347,3,2,4,99,1007:1,533,95,8,3,12,2.7,,2.0,2.6,2.8,2.6,,2.3,2.4,2.6,47098,41553,52643,38000,13781,62219,33661,19731,47591,36950,580,73320,33235,9081,57389,47657,43514,51800,72,54,39,5,3,9,,,,,,,,,,,,,,,,66,29,22,37,29,,,,,,,,,,,,,,,,53,24,18,31,,,,,,,,,,,,,,,,,86,5100,17,112,11561,67,64,70,1582,10,7,12,77,13205,74,79,45325,24.3,16.3,798,1.8,261,0.6,185,0.4,175,0.4,1343,3.0,41989,92.6,98,0,0,1,50.7,17470,41.5,
05057,Arkansas,Hempstead,75.9,74.6,77.1,,,,,,,76.0,73.6,78.4,89.0,75.7,102.2,74.7,72.9,76.4,388,504,451,557,,,,,,,523,424,622,,,,543,471,615,11,49,24,88,,,,,,,,,,,,,,,,,,,,,,,,,,,,,,,,,,,17,16,19,17,16,19,21,14,30,25,142,4020,18,3277,14,10,15,7,28,,,,,,,,,,,,,,,,35,23,16,32,,,,,,,,,,,,,,,,37,36,38,1661,14,11,16,274,5,3,6,56,1794:1,239,79,,,,2.7,,2.5,2.6,3.0,2.5,,2.2,2.5,2.7,40867,35147,46587,,,,,,,32136,28788,35484,43571,6236,80906,54381,47058,61704,88,44,41,9,5,15,,,,,,,,,,,,,,,,,,,,,,,,,,,,,,,,,,,,14,13,7,22,,,,,,,,,,,,,,,,,141,2400,59,56,5607,69,66,72,756,10,7,13,73,5904,70,76,21532,25.7,18.5,6428,29.9,151,0.7,112,0.5,45,0.2,2864,13.3,11605,53.9,644,3,2,5,51.6,12609,55.8,
05059,Arkansas,Hot Spring,74.0,72.9,75.0,,,,,,,71.5,67.9,75.1,,,,74.2,73.1,75.3,663,526,484,568,,,,,,,650,514,811,,,,519,473,564,20,72,44,111,,,,,,,,,,,,,,,,,,,,,,,,,,,,,,,,,,,16,14,17,17,15,18,16,12,21,69,239,6000,18,2209,7,17,17,10,27,,,,,,,,,,,,,,,,71,30,24,38,,,,,,,,,,,,,,,,35,34,37,1833,10,8,12,231,3,2,4,53,1876:1,386,94,,,,2.9,,2.5,2.7,3.0,2.7,,1.9,2.7,2.9,45860,39304,52416,91081,37611,144551,,,,35489,21220,49758,32708,2959,62457,45800,41731,49869,63,60,52,9,6,14,,,,,,,,,,,,,,,,50,30,22,40,30,,,,,,,,,,,,,,,,39,23,17,32,,,,,,,,,,,,,,,,,54,3400,16,76,9809,78,75,80,842,7,5,9,65,8166,62,68,33771,20.6,19.3,3761,11.1,218,0.6,140,0.4,25,0.1,1245,3.7,27796,82.3,122,0,0,1,47.7,21719,66.0,
05061,Arkansas,Howard,73.6,72.0,75.2,,,,,,,69.4,65.3,73.5,,,,74.1,72.2,76.0,256,540,471,609,,,,,,,718,545,928,,,,517,438,596,13,93,50,160,,,,,,,,,,,,,,,,,,,,,,,,,,,,,,,,,,,17,16,19,17,16,19,10,6,16,14,129,2240,17,2853,21,,,,,,,,,,,,,,,,,,,,27,29,19,42,,,,,,,,,,,,,,,,38,37,39,1086,15,12,17,198,6,4,8,45,2200:1,209,96,,,,2.9,,2.6,2.9,3.0,2.6,,2.3,2.6,2.8,41427,35533,47321,,,,,,,24181,18842,29520,35625,18432,52818,42012,33169,50855,76,35,29,,,,,,,,,,,,,,,,,,,,,,,,,,,,,,,,,,,,,,,,,,,,,,,,,,,,,,,,,,,19,1600,12,0,3545,69,66,72,522,11,7,15,66,3397,61,71,13202,26.2,18.1,2709,20.5,185,1.4,75,0.6,17,0.1,1738,13.2,8354,63.3,349,3,2,4,51.7,9310,67.5,
05063,Arkansas,Independence,77.0,76.0,77.9,,,,,,,,,,,,,,,,560,420,384,456,,,,,,,,,,,,,,,,23,63,40,95,,,,,,,,,,,,,,,,25,8,5,11,,,,,,,,,,,,,,,,16,14,17,16,15,18,11,8,17,44,141,6320,17,2680,7,13,12,6,20,,,,,,,,,,,,,,,,58,22,17,29,,,,,,,,,,,,,,,,34,33,36,2448,11,9,13,377,4,3,5,114,880:1,422,92,,,,2.8,,2.3,2.6,2.9,2.7,,2.2,2.5,2.8,47903,42367,53439,,,,,,,,,,30839,27664,34014,46763,43154,50372,65,52,41,5,2,8,,,,,,,,,,,,,,,,41,23,16,31,22,,,,,,,,,,,,,,,,33,18,12,25,,,,,,,,,,,,,,,,,,4200,,85,10261,72,69,75,1248,9,7,11,60,8595,56,64,37825,24.5,18.0,869,2.3,315,0.8,338,0.9,89,0.2,2514,6.6,33300,88.0,494,1,1,2,51.1,25134,68.6,
05065,Arkansas,Izard,74.4,72.5,76.3,,,,,,,,,,,,,,,,284,516,449,583,,,,,,,,,,,,,,,,10,102,49,187,,,,,,,,,,,,,,,,,,,,,,,,,,,,,,,,,,,16,14,18,17,15,18,16,11,23,23,194,2470,18,75,1,,,,,,,,,,,,,,,,,,,,23,24,15,36,,,,,,,,,,,,,,,,35,34,37,891,13,11,15,151,6,4,8,132,757:1,123,95,,,,3.1,,,,,3.1,,,,,40233,34763,45703,,,,,,,,,,85682,40373,130991,43026,39583,46469,62,,30,,,,,,,,,,,,,,,,,,,21,31,18,49,31,,,,,,,,,,,,,,,,14,21,11,35,,,,,,,,,,,,,,,,,17,1200,14,0,3690,76,73,79,389,9,5,12,54,2606,49,58,13629,18.0,26.1,293,2.1,114,0.8,65,0.5,2,0.0,346,2.5,12633,92.7,11,0,0,1,48.1,13696,100.0,
05067,Arkansas,Jackson,73.7,72.4,75.0,,,,,,,73.1,69.9,76.3,,,,73.5,72.0,75.0,340,541,481,600,,,,,,,608,453,799,,,,540,474,606,,,,,,,,,,,,,,,,,,,,,,,,,,,,,,,,,,,,,,,18,17,20,19,17,20,29,17,43,50,348,3600,21,1872,10,,,,,,,,,,,,,,,,,,,,30,25,17,36,,,,,,,,,,,,,,,,38,37,39,859,10,9,12,141,4,3,5,78,1286:1,149,86,,,,3.0,,2.9,,3.1,2.9,,2.4,,3.2,38636,33497,43775,,,,,,,19597,16430,22764,15933,14622,17244,38235,34757,41713,86,49,23,11,6,18,,,,,,,,,,,,,,,,13,14,7,24,15,,,,,,,,,,,,,,,,11,13,6,23,,,,,,,,,,,,,,,,,,1500,,23,4257,69,66,73,621,11,7,14,66,4022,61,70,16719,20.1,18.3,2867,17.1,120,0.7,88,0.5,36,0.2,503,3.0,12837,76.8,0,0,0,1,50.4,11709,65.1,
05069,Arkansas,Jefferson,73.5,72.7,74.2,,,,,,,72.8,71.7,73.8,,,,74.1,72.9,75.3,1399,583,551,616,,,,,,,627,581,672,,,,547,500,595,50,82,61,108,,,,,,,85,59,119,,,,82,46,136,52,9,6,11,,,,,,,,,,,,,,,,17,16,19,17,15,18,15,12,17,288,502,14120,20,5499,7,39,19,14,26,,,,,,,11,6,19,,,,31,20,46,91,19,15,23,,,,,,,15,11,21,,,,23,17,31,40,39,41,3466,10,8,11,502,3,2,4,78,1285:1,889,81,15,10,21,2.3,,2.0,,3.0,2.2,,1.9,,2.7,40555,36786,44324,,,,60960,40309,81611,34776,32323,37229,32679,24623,40735,51804,47583,56025,79,58,57,29,24,33,,,,,,,40,32,47,,,,15,10,21,45,13,9,17,13,,,,,,,7,4,12,,,,22,14,31,126,36,30,43,,,,,,,43,34,53,,,,29,21,40,,328,6900,48,143,16644,62,60,64,3731,15,13,17,60,16185,58,63,66824,21.7,18.0,38109,57.0,284,0.4,582,0.9,80,0.1,1473,2.2,25575,38.3,429,1,0,1,50.6,23940,30.9,
05071,Arkansas,Johnson,75.9,74.8,77.0,,,,,,,,,,93.5,78.4,108.5,74.8,73.6,76.1,432,467,421,512,,,,,,,,,,,,,,,,17,65,38,104,,,,,,,,,,,,,,,,,,,,,,,,,,,,,,,,,,,18,16,19,18,16,19,13,9,18,9,41,4880,19,742,3,13,16,9,28,,,,,,,,,,,,,,,,22,12,7,18,,,,,,,,,,,,,,,,37,35,38,2523,17,14,19,324,5,3,6,64,1563:1,316,90,16,9,23,2.8,2.6,,2.7,2.9,2.6,2.6,,2.6,2.7,40396,35201,45591,,,,78359,22303,134415,28264,18227,38301,31059,25863,36255,40929,37604,44254,75,56,37,5,3,10,,,,,,,,,,,,,,,,28,22,15,32,21,,,,,,,,,,,,,,,,25,19,12,28,,,,,,,,,,,,,,,,,46,3000,15,56,6818,70,68,73,958,10,8,13,65,6247,60,69,26578,24.5,16.9,424,1.6,328,1.2,721,2.7,36,0.1,3791,14.3,20904,78.7,764,3,2,4,50.5,18227,71.4,
05073,Arkansas,Lafayette,76.0,73.9,78.1,,,,,,,74.4,70.5,78.3,,,,77.0,74.4,79.7,154,539,446,632,,,,,,,699,529,906,,,,453,351,574,,,,,,,,,,,,,,,,,,,,,,,,,,,,,,,,,,,,,,,17,16,19,17,16,19,19,11,31,8,138,1380,20,719,9,,,,,,,,,,,,,,,,,,,,,,,,,,,,,,,,,,,,,,,39,38,40,473,12,10,15,62,5,3,7,75,1325:1,,,,,,2.6,,2.5,,2.9,2.5,,2.2,,2.7,37164,31765,42563,,,,,,,19659,13125,26193,,,,45987,37040,54934,86,10,10,,,,,,,,,,,,,,,,,,,,,,,,,,,,,,,,,,,,,,,12,35,18,62,,,,,,,,,,,,,,,,,6,600,10,30,2202,79,72,87,341,14,9,19,61,1697,57,65,6624,18.5,24.7,2379,35.9,36,0.5,42,0.6,1,0.0,195,2.9,3913,59.1,38,1,0,2,51.1,7645,100.0,
05075,Arkansas,Lawrence,73.9,72.6,75.3,,,,,,,,,,,,,,,,339,556,494,618,,,,,,,,,,,,,,,,11,76,38,135,,,,,,,,,,,,,,,,,,,,,,,,,,,,,,,,,,,17,15,18,17,15,19,12,7,19,15,108,3090,19,2710,16,,,,,,,,,,,,,,,,,,,,45,39,28,52,,,,,,,,,,,,,,,,36,34,38,920,10,8,12,145,4,3,5,67,1491:1,229,91,,,,2.8,,,,,2.7,,,,,39604,35119,44089,,,,,,,,,,35484,6273,64695,40265,37475,43055,75,,28,,,,,,,,,,,,,,,,,,,16,19,11,32,19,,,,,,,,,,,,,,,,15,18,10,30,,,,,,,,,,,,,,,,,50,1700,29,63,4351,67,65,70,433,7,5,9,69,4470,66,72,16406,22.2,19.9,195,1.2,105,0.6,44,0.3,7,0.0,292,1.8,15560,94.8,12,0,0,1,51.0,11069,63.6,
05077,Arkansas,Lee,74.6,72.6,76.5,,,,,,,75.2,72.4,78.1,,,,73.2,70.4,76.1,197,588,503,674,,,,,,,599,481,717,,,,605,480,753,,,,,,,,,,,,,,,,,,,,,,,,,,,,,,,,,,,,,,,19,18,21,18,17,20,14,10,21,43,550,2080,22,2848,27,,,,,,,,,,,,,,,,,,,,18,27,16,43,,,,,,,,,,,,,,,,41,40,42,413,11,9,13,60,4,2,5,56,1771:1,71,73,,,,2.1,,,,,1.8,,,,,30421,26806,34036,,,,,,,18019,15041,20997,,,,51250,41679,60821,100,38,39,,,,,,,,,,,,,,,,,,,13,27,14,48,28,,,,,,,,,,,,,,,,,,,,,,,,,,,,,,,,,,,,,800,,31,1917,60,56,64,448,17,11,23,59,1881,52,65,8857,18.4,20.2,4787,54.0,54,0.6,51,0.6,2,0.0,206,2.3,3655,41.3,97,1,0,2,43.7,6620,63.5,
05079,Arkansas,Lincoln,74.4,72.8,76.0,,,,,,,79.0,74.0,84.0,,,,73.1,71.1,75.1,235,520,453,588,,,,,,,513,389,663,,,,546,461,631,,,,,,,,,,,,,,,,,,,,,,,,,,,,,,,,,,,,,,,17,16,19,17,15,18,15,9,23,41,347,2540,19,2372,17,18,45,27,71,,,,,,,,,,,,,,,,11,12,6,21,,,,,,,,,,,,,,,,40,39,41,664,12,10,14,110,5,3,6,54,1861:1,108,98,32,14,50,2.4,,,,,2.4,,,,,44272,38883,49661,,,,,,,32730,21933,43527,51484,43895,59073,52746,40552,64940,64,48,43,10,5,19,,,,,,,,,,,,,,,,11,17,8,30,16,,,,,,,,,,,,,,,,,,,,,,,,,,,,,,,,,,,,29,1100,26,26,2910,77,75,80,338,10,6,14,54,2046,48,61,13024,16.3,15.9,3879,29.8,72,0.6,47,0.4,1,0.0,542,4.2,8352,64.1,129,1,0,2,38.6,14134,100.0,
05081,Arkansas,Little River,74.7,73.1,76.3,,,,,,,75.2,71.6,78.8,,,,74.6,72.7,76.6,256,506,440,571,,,,,,,476,342,646,,,,511,435,587,,,,,,,,,,,,,,,,,,,,,,,,,,,,,,,,,,,,,,,16,15,17,17,16,18,21,12,32,19,183,2230,18,647,5,,,,,,,,,,,,,,,,,,,,30,34,23,49,,,,,,,,,,,,,,,,38,37,39,753,11,9,13,114,4,3,5,82,1226:1,150,93,,,,2.8,,2.7,,2.9,2.7,,2.4,,2.7,43257,37665,48849,77700,14428,140972,,,,22852,18716,26988,60991,42876,79106,53417,43179,63655,65,24,19,,,,,,,,,,,,,,,,,,,11,19,9,35,18,,,,,,,,,,,,,,,,10,16,8,30,,,,,,,,,,,,,,,,,21,1300,16,46,3836,72,68,75,225,4,2,7,67,3592,62,72,12259,22.4,20.9,2407,19.6,204,1.7,57,0.5,9,0.1,457,3.7,8903,72.6,7,0,0,1,51.8,9025,68.5,
05083,Arkansas,Logan,74.1,72.8,75.3,,,,,,,,,,,,,,,,442,530,478,582,,,,,,,,,,,,,,,,17,90,53,144,,,,,,,,,,,,,,,,20,11,7,17,,,,,,,,,,,,,,,,17,15,19,17,16,19,15,10,23,11,60,3990,18,1098,5,14,22,12,36,,,,,,,,,,,,,,,,28,18,12,27,,,,,,,,,,,,,,,,37,36,39,1451,12,10,13,190,4,3,5,61,1651:1,300,94,,,,2.9,,,,,2.9,,,,,42249,38491,46007,,,,,,,70526,23685,117367,63780,22912,104648,41606,39497,43715,89,70,20,,,,,,,,,,,,,,,,,,,29,28,18,40,27,,,,,,,,,,,,,,,,17,16,9,25,,,,,,,,,,,,,,,,,12,2200,5,0,6202,74,72,76,536,7,5,9,71,5956,68,73,21466,21.3,20.5,290,1.4,250,1.2,490,2.3,9,0.0,651,3.0,19445,90.6,76,0,0,1,50.2,15875,71.0,
05085,Arkansas,Lonoke,75.4,74.7,76.0,,,,,,,72.8,69.6,76.0,103.0,59.4,146.5,75.1,74.4,75.8,1075,451,424,479,,,,,,,654,525,805,,,,456,427,485,53,70,53,92,,,,,,,,,,,,,,,,48,7,5,10,,,,,,,,,,,,,,,,14,13,16,16,14,17,14,10,20,69,115,10080,14,4537,7,38,17,12,24,,,,,,,,,,,,,,,,102,20,16,24,,,,,,,,,,,,,,,,35,33,36,4199,9,8,11,737,4,3,5,57,1745:1,990,91,9,5,14,3.0,,2.5,2.7,3.1,3.1,,2.3,2.7,3.1,62782,57127,68437,58620,38363,78877,57366,15101,99631,32373,24335,40411,59805,47540,72070,61531,58707,64355,47,47,26,4,2,6,,,,,,,,,,,,,,,,80,22,18,28,22,,,,,,,,,,,,,,,,57,16,12,20,,,,,,,,,,,,,,,,,179,8800,20,74,18624,69,67,71,2464,10,8,11,80,21581,78,83,73309,25.4,13.8,4554,6.2,533,0.7,672,0.9,58,0.1,3350,4.6,62900,85.8,424,1,0,1,50.9,30632,44.8,
05087,Arkansas,Madison,74.3,72.7,75.9,,,,,,,,,,,,,,,,294,478,420,535,,,,,,,,,,,,,,,,23,149,95,224,,,,,,,,,,,,,,,,,,,,,,,,,,,,,,,,,,,17,16,19,18,16,20,12,7,20,13,95,2520,16,1894,12,,,,,,,,,,,,,,,,,,,,29,26,17,37,,,,,,,,,,,,,,,,36,35,38,1508,16,14,19,253,6,4,8,36,2763:1,193,83,17,7,28,2.6,,,,,2.8,,,,,48016,42004,54028,20357,6585,34129,,,,,,,20893,2932,38854,43788,36375,51201,65,,24,,,,,,,,,,,,,,,,,,,18,24,14,38,22,,,,,,,,,,,,,,,,11,14,7,24,,,,,,,,,,,,,,,,,28,1800,16,4,4899,78,75,81,466,8,5,11,65,4061,60,69,16576,23.2,19.4,73,0.4,285,1.7,125,0.8,94,0.6,977,5.9,14802,89.3,144,1,0,2,49.9,15717,100.0,
05089,Arkansas,Marion,74.8,73.3,76.4,,,,,,,,,,,,,,,,400,517,456,578,,,,,,,,,,,,,,,,10,83,40,153,,,,,,,,,,,,,,,,,,,,,,,,,,,,,,,,,,,17,15,18,17,16,19,14,10,20,16,111,3040,19,1118,7,10,20,10,37,,,,,,,,,,,,,,,,32,28,19,39,,,,,,,,,,,,,,,,34,33,36,1046,12,10,14,163,5,3,7,54,1855:1,123,98,,,,2.8,,,,,2.9,,,,,38760,33631,43889,13546,11785,15307,20526,1202,39850,,,,,,,37987,33650,42324,75,,18,,,,,,,,,,,,,,,,,,,25,30,18,48,30,,,,,,,,,,,,,,,,23,28,18,42,,,,,,,,,,,,,,,,,14,1400,10,13,5348,79,76,82,782,12,9,15,78,5258,73,82,16694,18.2,29.1,96,0.6,177,1.1,103,0.6,10,0.1,408,2.4,15623,93.6,5,0,0,1,51.0,16653,100.0,
05091,Arkansas,Miller,74.2,73.3,75.1,,,,,,,73.3,71.3,75.3,,,,74.4,73.4,75.5,870,566,527,605,,,,,,,616,529,703,,,,551,507,596,34,82,57,114,,,,,,,101,54,173,,,,69,41,109,40,10,7,14,,,,,,,,,,,,,,,,16,15,18,17,15,18,13,9,17,97,269,8450,19,5959,14,,,,,,,,,,,,,,,,,,,,61,20,15,26,,,,,,,21,12,34,,,,20,14,27,38,36,39,2669,11,9,12,363,3,2,5,72,1395:1,450,89,7,3,12,2.8,,2.6,2.7,3.0,2.8,,2.6,2.5,3.0,50905,47043,54767,,,,,,,27835,20271,35399,25764,5665,45863,53234,48836,57632,65,52,50,8,5,12,,,,,,,13,6,24,,,,5,2,9,38,17,12,23,17,,,,,,,,,,,,,,,,43,20,14,27,,,,,,,,,,,,,,,,,95,4500,21,218,10619,65,62,67,1859,12,10,14,74,12152,71,77,43257,23.3,17.2,10821,25.0,373,0.9,229,0.5,30,0.1,1552,3.6,29554,68.3,56,0,0,0,50.8,17390,40.0,
05093,Arkansas,Mississippi,71.3,70.3,72.2,,,,,,,68.6,67.0,70.2,83.7,71.9,95.5,72.8,71.7,73.9,955,690,645,735,,,,,,,810,722,898,,,,635,581,688,46,105,77,140,,,,,,,160,108,229,,,,68,38,113,44,10,8,14,,,,,,,,,,,,,,,,19,17,20,18,17,19,18,14,24,81,241,9230,22,3369,7,16,13,7,21,,,,,,,,,,,,,,,,66,22,17,28,,,,,,,19,11,29,,,,24,17,32,41,39,42,2360,10,8,12,376,3,2,5,61,1626:1,538,91,11,5,16,2.6,,2.2,2.9,2.9,2.5,,2.2,2.4,2.9,39990,35450,44530,,,,78696,57769,99623,30858,24702,37014,40164,27124,53204,46916,40343,53489,80,56,53,23,18,29,,,,,,,,,,,,,,,,30,15,10,22,14,,,,,,,,,,,,,,,,71,34,26,43,,,,,,,73,55,95,,,,10,6,18,,139,4900,28,87,9237,56,54,58,1709,11,9,13,73,11898,70,76,40651,26.1,15.0,14355,35.3,190,0.5,194,0.5,14,0.0,1791,4.4,23612,58.1,409,1,1,1,51.3,16857,36.3,
05095,Arkansas,Monroe,69.7,67.0,72.4,,,,,,,69.9,65.5,74.3,,,,69.7,66.2,73.2,197,750,634,866,,,,,,,715,546,920,,,,779,621,936,11,188,94,337,,,,,,,,,,,,,,,,,,,,,,,,,,,,,,,,,,,19,18,21,19,17,20,19,7,34,19,327,1620,22,517,6,,,,,,,,,,,,,,,,,,,,17,34,20,54,,,,,,,,,,,,,,,,40,38,41,402,11,9,13,53,4,2,5,104,957:1,,,,,,2.2,,2.1,,2.4,2.1,,1.9,,2.3,34289,29429,39149,,,,,,,28258,19708,36808,,,,43882,38545,49219,100,18,18,,,,,,,,,,,,,,,,,,,,,,,,,,,,,,,,,,,,,,,,,,,,,,,,,,,,,,,,,,,22,600,37,71,1996,60,57,63,265,9,5,13,57,1900,51,63,6701,20.5,24.1,2665,39.8,44,0.7,54,0.8,0,0.0,174,2.6,3638,54.3,10,0,,,53.2,5621,69.0,
05097,Arkansas,Montgomery,77.5,75.7,79.3,,,,,,,,,,,,,,,,162,395,326,464,,,,,,,,,,,,,,,,,,,,,,,,,,,,,,,,,,,,,,,,,,,,,,,,,,,,,,17,15,18,18,16,19,10,6,15,7,90,1680,19,1062,11,,,,,,,,,,,,,,,,,,,,16,25,15,41,,,,,,,,,,,,,,,,35,34,37,739,15,13,18,103,6,4,8,89,1123:1,,,,,,2.9,,,,,2.7,,,,,39591,34157,45025,28839,5610,52068,,,,,,,27969,10272,45666,37813,31091,44535,77,,33,,,,,,,,,,,,,,,,,,,,,,,,,,,,,,,,,,,,,,,,,,,,,,,,,,,,,,,,,,,,800,,13,3053,81,77,85,296,8,5,12,60,2271,55,66,8986,18.5,27.0,44,0.5,127,1.4,117,1.3,3,0.0,407,4.5,8124,90.4,114,1,0,3,50.4,9487,100.0,
05099,Arkansas,Nevada,75.6,73.7,77.6,,,,,,,72.5,68.9,76.1,,,,76.8,74.4,79.2,170,506,425,587,,,,,,,663,502,859,,,,450,357,542,,,,,,,,,,,,,,,,,,,,,,,,,,,,,,,,,,,,,,,17,16,18,17,16,18,15,8,25,12,172,1790,21,1290,14,,,,,,,,,,,,,,,,,,,,14,24,13,40,,,,,,,,,,,,,,,,39,37,40,454,10,8,12,67,3,2,5,73,1375:1,119,93,,,,2.5,,2.4,,2.5,2.4,,2.2,,2.6,36528,31214,41842,,,,,,,32652,15919,49385,,,,48066,40214,55918,100,2,3,,,,,,,,,,,,,,,,,,,,,,,,,,,,,,,,,,,,,,,,,,,,,,,,,,,,,,,,,,,25,900,28,3,2274,67,63,71,237,8,3,12,62,2094,54,69,8252,22.8,21.0,2519,30.5,36,0.4,43,0.5,2,0.0,389,4.7,5144,62.3,0,0,,,50.5,6224,69.2,
05101,Arkansas,Newton,76.1,73.6,78.5,,,,,,,,,,,,,,,,145,446,362,529,,,,,,,,,,,,,,,,,,,,,,,,,,,,,,,,,,,,,,,,,,,,,,,,,,,,,,16,14,18,17,15,19,13,8,19,,,1230,16,1776,21,,,,,,,,,,,,,,,,,,,,16,29,17,47,,,,,,,,,,,,,,,,36,34,38,448,11,9,13,71,5,3,6,77,1292:1,,,,,,2.4,,,,,2.3,,,,,37648,32626,42670,68542,1511,135573,,,,,,,,,,36727,27965,45489,71,,11,,,,,,,,,,,,,,,,,,,13,37,18,66,33,,,,,,,,,,,,,,,,13,33,18,57,,,,,,,,,,,,,,,,,1-4,800,,7,2472,84,81,88,299,11,6,16,60,1751,54,65,7753,19.3,27.2,33,0.4,99,1.3,29,0.4,1,0.0,151,1.9,7252,93.5,0,0,0,1,49.5,8330,100.0,
05103,Arkansas,Ouachita,73.6,72.4,74.9,,,,,,,73.4,71.3,75.6,,,,73.5,71.9,75.2,544,564,513,615,,,,,,,584,499,668,,,,564,497,630,20,94,57,145,,,,,,,,,,,,,,,,,,,,,,,,,,,,,,,,,,,18,16,19,17,16,19,19,14,24,49,247,4790,20,3555,14,,,,,,,,,,,,,,,,,,,,39,23,16,32,,,,,,,22,12,36,,,,23,15,35,40,38,41,1334,10,8,12,179,3,2,5,38,2598:1,300,91,,,,2.7,,2.3,,3.0,2.6,,2.2,,3.0,46393,41061,51725,,,,,,,27943,22562,33324,14183,11300,17066,45991,38927,53055,70,21,21,7,4,12,,,,,,,,,,,,,,,,16,13,7,22,13,,,,,,,,,,,,,,,,12,10,5,18,,,,,,,,,,,,,,,,,55,2500,22,50,6676,69,66,72,962,11,7,14,67,6499,64,71,23382,22.3,21.1,9297,39.8,111,0.5,119,0.5,9,0.0,598,2.6,12797,54.7,45,0,0,1,52.7,14719,56.4,
05105,Arkansas,Perry,76.1,74.2,77.9,,,,,,,,,,,,,,,,182,443,374,511,,,,,,,,,,,,,,,,,,,,,,,,,,,,,,,,,,,,,,,,,,,,,,,,,,,,,,17,15,19,18,16,19,12,7,20,9,103,1810,18,655,6,,,,,,,,,,,,,,,,,,,,22,31,19,46,,,,,,,,,,,,,,,,37,35,38,581,10,8,11,116,5,3,7,57,1743:1,121,93,,,,3.0,,,,,2.7,,,,,50560,44094,57026,,,,,,,,,,33674,8404,58944,49078,41113,57043,62,,4,,,,,,,,,,,,,,,,,,,10,19,9,37,19,,,,,,,,,,,,,,,,,,,,,,,,,,,,,,,,,,,,1-4,1100,,0,2804,76,73,80,252,7,3,11,68,2486,62,74,10455,22.6,20.5,211,2.0,103,1.0,38,0.4,2,0.0,324,3.1,9592,91.7,0,0,0,1,50.4,10445,100.0,
05107,Arkansas,Phillips,71.1,69.6,72.7,,,,,,,69.9,67.9,71.9,,,,73.6,71.4,75.9,403,644,576,712,,,,,,,698,607,789,,,,562,458,666,20,105,64,162,,,,,,,,,,,,,,,,26,13,9,19,,,,,,,,,,,,,,,,19,18,21,19,17,20,21,16,26,46,314,4870,26,6752,31,,,,,,,,,,,,,,,,,,,,40,30,21,41,,,,,,,29,19,43,,,,32,18,52,40,39,41,1034,11,9,12,148,3,2,4,67,1482:1,305,88,,,,2.6,,2.5,,3.1,2.3,,2.2,,2.9,31521,27352,35690,,,,,,,20054,16146,23962,,,,49020,37768,60272,100,35,34,40,30,52,,,,,,,,,,,,,,,,18,17,10,28,19,,,,,,,,,,,,,,,,46,50,36,66,,,,,,,,,,,,,,,,,,2000,,77,3607,48,44,53,1073,16,13,20,65,4894,61,70,17782,25.7,19.5,10969,61.7,72,0.4,80,0.4,2,0.0,354,2.0,6121,34.4,10,0,0,1,53.1,10436,48.0,
05109,Arkansas,Pike,75.9,74.4,77.4,,,,,,,,,,,,,,,,201,454,389,520,,,,,,,,,,,,,,,,,,,,,,,,,,,,,,,,,,,,,,,,,,,,,,,,,,,,,,17,15,18,17,16,19,17,11,25,6,66,1970,18,1240,11,,,,,,,,,,,,,,,,,,,,18,24,14,37,,,,,,,,,,,,,,,,35,34,37,963,16,13,18,143,6,4,8,37,2680:1,138,93,,,,2.8,,,2.6,2.9,2.9,,,2.9,2.9,44426,39945,48907,,,,,,,19517,8082,30952,,,,41781,37694,45868,72,47,14,,,,,,,,,,,,,,,,,,,,,,,,,,,,,,,,,,,,,,,,,,,,,,,,,,,,,,,,,,,18,1100,16,0,3372,79,74,83,285,7,4,10,67,2868,63,71,10718,21.6,20.5,356,3.3,127,1.2,85,0.8,4,0.0,706,6.6,9330,87.0,133,1,0,2,50.2,11291,100.0,
05111,Arkansas,Poinsett,71.4,70.2,72.6,,,,,,,68.8,64.9,72.7,,,,71.2,70.0,72.5,582,684,626,743,,,,,,,801,575,1086,,,,692,630,754,12,52,27,92,,,,,,,,,,,,,,,,,,,,,,,,,,,,,,,,,,,18,17,20,18,17,20,21,13,31,17,86,4630,19,4688,19,13,18,10,31,,,,,,,,,,,,,,,,46,27,20,36,,,,,,,,,,,,,,,,36,35,37,1541,11,9,13,208,4,2,5,60,1681:1,307,85,,,,2.7,,2.5,2.5,2.9,2.7,,2.4,2.9,2.8,40536,35490,45582,30208,27618,32798,,,,18245,14093,22397,,,,44384,39796,48972,93,58,27,,,,,,,,,,,,,,,,,,,34,27,19,38,28,,,,,,,,,,,,,,,,27,23,15,33,,,,,,,,,,,,,,,,,,2600,,56,5994,63,60,66,910,10,7,13,74,7045,71,77,23528,23.7,18.4,1910,8.1,101,0.4,81,0.3,10,0.0,782,3.3,20291,86.2,32,0,0,1,51.6,17488,71.1,
05113,Arkansas,Polk,75.5,74.3,76.8,,,,,,,,,,,,,,,,385,472,421,524,,,,,,,,,,,,,,,,,,,,,,,,,,,,,,,,,,,,,,,,,,,,,,,,,,,,,,17,16,19,18,16,19,14,9,20,13,77,3940,20,4229,20,,,,,,,,,,,,,,,,,,,,42,30,21,40,,,,,,,,,,,,,,,,37,35,38,1651,15,13,18,237,5,3,7,120,832:1,244,96,16,7,25,3.1,,,3.2,3.0,2.9,,,3.0,2.9,39722,34852,44592,33074,11095,55053,,,,,,,37325,34402,40248,38917,35779,42055,76,,37,,,,,,,,,,,,,,,,,,,29,29,19,43,29,,,,,,,,,,,,,,,,28,28,19,40,,,,,,,,,,,,,,,,,12,2200,5,58,6321,77,74,79,1036,13,10,17,69,5711,66,73,19964,22.7,23.6,104,0.5,420,2.1,191,1.0,10,0.1,1314,6.6,17525,87.8,219,1,0,2,51.2,15163,73.4,
05115,Arkansas,Pope,77.3,76.6,78.0,,,,,,,73.7,68.4,79.0,85.5,77.9,93.1,76.9,76.1,77.6,897,418,389,446,,,,,,,550,356,811,,,,437,406,467,26,45,29,66,,,,,,,,,,,,,,,,23,4,3,6,,,,,,,,,,,,,,,,16,14,17,16,15,18,15,11,19,54,101,10700,17,3803,6,19,10,6,15,,,,,,,,,,,,,,,,55,12,9,16,,,,,,,,,,,,,,,,34,32,35,4803,13,11,15,633,4,3,6,70,1424:1,733,92,6,2,10,3.2,,2.4,2.9,3.3,3.0,,2.4,2.7,3.1,47519,41857,53181,38264,17127,59401,91635,7394,175876,30184,4235,56133,34350,24102,44598,44622,41174,48070,60,43,33,5,3,8,,,,,,,,,,,,,,,,55,18,13,23,17,,,,,,,,,,,,,,,,55,17,13,22,,,,,,,,,,,,,,,,,81,6500,12,127,15563,69,66,71,2502,11,9,14,75,16909,72,77,64072,22.6,16.2,2005,3.1,651,1.0,786,1.2,57,0.1,6152,9.6,53427,83.4,1294,2,1,3,50.4,33652,54.5,
05117,Arkansas,Prairie,77.0,75.0,79.1,,,,,,,,,,,,,,,,168,500,418,582,,,,,,,744,471,1116,,,,480,393,566,,,,,,,,,,,,,,,,,,,,,,,,,,,,,,,,,,,,,,,16,15,18,17,15,19,13,7,23,11,159,1420,17,1713,20,,,,,,,,,,,,,,,,,,,,,,,,,,,,,,,,,,,,,,,37,35,38,510,11,9,13,82,5,3,7,50,2016:1,,,,,,3.0,,,,,2.8,,,,,46205,41135,51275,,,,,,,26375,17721,35029,,,,46111,39995,52227,71,14,15,,,,,,,,,,,,,,,,,,,,,,,,,,,,,,,,,,,,,,,,,,,,,,,,,,,,,,,,,,,8,700,11,7,2792,74,71,77,235,7,4,10,58,2186,54,62,8062,20.5,23.9,917,11.4,35,0.4,11,0.1,6,0.1,161,2.0,6845,84.9,0,0,0,1,49.8,8715,100.0,
05119,Arkansas,Pulaski,76.3,76.0,76.6,,,,83.6,81.0,86.2,73.5,72.9,74.1,87.7,81.5,93.8,77.7,77.3,78.1,5892,441,429,453,,,,157,114,212,578,555,601,238,191,284,385,370,399,265,72,64,81,,,,,,,101,86,117,50,30,78,47,36,59,320,9,8,9,,,,,,,12,11,14,7,4,10,5,4,7,14,12,15,15,13,16,12,11,14,1940,595,65760,17,39910,10,229,19,17,22,,,,,,,13,10,17,,,,27,23,31,395,14,13,16,,,,,,,17,15,20,10,6,16,13,11,15,40,39,42,24287,10,9,12,3205,3,3,4,163,615:1,4079,82,9,7,11,2.7,3.9,2.5,2.5,3.4,2.6,3.7,2.3,2.4,3.3,52684,49286,56082,49417,19254,79580,78514,66999,90029,36475,34956,37994,43411,36157,50665,64851,63101,66601,69,49,44,16,14,17,,,,,,,31,28,35,13,8,20,6,5,7,329,16,14,18,17,,,,,,,7,5,10,8,4,15,24,21,27,489,25,23,27,,,,,,,34,30,38,17,11,27,20,18,23,,1232,39500,31,424,92938,59,58,60,22584,15,14,16,78,123881,77,79,391911,23.1,16.1,147037,37.5,1751,0.4,8855,2.3,196,0.1,24493,6.2,202287,51.6,5942,2,1,2,52.3,46989,12.3,
05121,Arkansas,Randolph,73.9,72.5,75.3,,,,,,,,,,,,,,,,347,546,485,606,,,,,,,,,,,,,,,,16,97,56,158,,,,,,,,,,,,,,,,,,,,,,,,,,,,,,,,,,,17,15,19,18,16,20,17,11,25,10,67,3130,18,2622,15,,,,,,,,,,,,,,,,,,,,36,29,20,40,,,,,,,,,,,,,,,,35,33,37,1205,12,10,14,192,5,3,6,89,1122:1,174,93,,,,2.6,,,,,2.5,,,,,42875,37959,47791,,,,,,,34750,21721,47779,60833,20782,100884,37244,34692,39796,68,35,26,,,,,,,,,,,,,,,,,,,18,21,12,33,20,,,,,,,,,,,,,,,,18,20,12,32,,,,,,,,,,,,,,,,,67,1900,35,48,5275,72,68,76,697,10,7,13,68,5012,64,72,17958,23.8,19.7,205,1.1,116,0.6,63,0.4,326,1.8,402,2.2,16590,92.4,60,0,0,1,50.4,12115,67.4,
05123,Arkansas,St. Francis,75.2,73.9,76.5,,,,,,,73.2,71.5,75.0,,,,76.2,74.2,78.1,464,512,464,560,,,,,,,535,465,605,,,,525,452,597,29,132,88,189,,,,,,,,,,,,,,,,26,11,7,17,,,,,,,,,,,,,,,,18,17,20,17,16,19,15,12,20,74,344,5680,22,4273,15,,,,,,,,,,,,,,,,,,,,34,19,13,26,,,,,,,12,6,22,,,,28,17,43,41,40,42,1323,11,9,13,168,3,2,4,72,1389:1,259,88,11,4,17,2.3,,2.0,,3.0,2.1,,2.0,,2.6,34389,29910,38868,11667,5671,17663,,,,29248,24434,34062,,,,41250,37014,45486,100,46,44,19,13,27,,,,,,,,,,,,,,,,11,7,4,13,9,,,,,,,,,,,,,,,,25,19,13,29,,,,,,,22,12,36,,,,19,9,35,,36,2400,15,72,5139,55,52,58,1152,14,11,16,58,5432,54,62,24994,20.9,16.8,13044,52.2,205,0.8,160,0.6,17,0.1,1368,5.5,9959,39.8,106,0,0,1,44.8,14568,51.6,
05125,Arkansas,Saline,77.3,76.8,77.8,,,,95.6,73.5,117.8,75.8,73.2,78.5,82.8,78.8,86.8,77.0,76.5,77.6,1740,400,380,419,,,,,,,429,346,526,249,156,377,410,389,431,54,48,36,63,,,,,,,,,,,,,,,,61,7,5,8,,,,,,,,,,,,,,,,13,11,14,14,13,16,11,8,14,113,111,15190,13,6561,6,84,23,18,29,,,,,,,,,,,,,,,,124,15,12,18,,,,,,,18,9,32,,,,15,13,18,34,32,35,6143,9,7,10,1003,3,2,4,46,2186:1,1318,93,11,7,15,3.2,3.5,2.8,3.1,3.3,3.1,3.5,2.8,2.8,3.2,66944,61451,72437,,,,73167,37600,108734,56375,50650,62100,53330,43623,63037,65687,63249,68125,40,44,37,3,2,5,,,,,,,,,,,,,,,,122,20,16,24,20,,,,,,,,,,,,,,,,106,18,14,21,,,,,,,,,,,,,,,,,257,13400,19,171,34419,78,76,80,3516,8,7,9,83,36767,82,85,122437,23.1,18.2,10064,8.2,795,0.6,1644,1.3,88,0.1,6292,5.1,102117,83.4,1191,1,1,1,51.2,38734,36.2,
05127,Arkansas,Scott,75.0,73.1,76.9,,,,,,,,,,,,,,,,200,511,435,587,,,,,,,,,,,,,,,,,,,,,,,,,,,,,,,,,,,,,,,,,,,,,,,,,,,,,,19,17,20,19,17,20,17,10,26,6,69,1950,19,880,8,,,,,,,,,,,,,,,,,,,,22,30,19,45,,,,,,,,,,,,,,,,37,35,38,850,15,12,17,129,5,4,7,39,2570:1,149,93,,,,2.7,,,2.4,2.8,2.6,,,2.4,2.7,38065,33099,43031,,,,210758,105069,316447,,,,46424,20763,72085,33823,28752,38894,73,,13,,,,,,,,,,,,,,,,,,,10,19,9,37,19,,,,,,,,,,,,,,,,,,,,,,,,,,,,,,,,,,,,15,1200,13,22,2910,74,70,77,374,10,6,14,58,2291,54,63,10281,23.0,21.4,59,0.6,270,2.6,318,3.1,5,0.0,816,7.9,8659,84.2,141,1,0,3,49.3,7903,70.4,
05129,Arkansas,Searcy,75.9,73.8,78.0,,,,,,,,,,,,,,,,153,463,381,546,,,,,,,,,,,,,,,,,,,,,,,,,,,,,,,,,,,,,,,,,,,,,,,,,,,,,,18,16,19,18,16,20,18,11,26,,,1500,19,1355,17,,,,,,,,,,,,,,,,,,,,14,25,14,42,,,,,,,,,,,,,,,,37,35,38,526,12,10,14,80,5,3,6,102,985:1,105,96,,,,3.4,,,,,3.3,,,,,34712,30698,38726,18408,17388,19428,,,,,,,,,,37522,33492,41552,71,,25,,,,,,,,,,,,,,,,,,,12,28,13,51,30,,,,,,,,,,,,,,,,12,30,16,53,,,,,,,,,,,,,,,,,,800,,30,2460,74,71,77,229,8,4,12,60,2008,55,66,7881,19.5,26.0,27,0.3,123,1.6,31,0.4,2,0.0,224,2.8,7301,92.6,19,0,0,1,49.9,8195,100.0,
05131,Arkansas,Sebastian,76.2,75.7,76.7,,,,83.4,80.4,86.4,74.1,71.8,76.3,94.3,82.4,106.3,75.2,74.6,75.8,2015,457,437,478,,,,185,131,254,553,463,644,215,166,275,502,477,527,71,58,45,73,,,,,,,,,,35,17,65,64,47,85,75,6,5,8,,,,,,,,,,,,,,,,16,15,18,16,15,18,15,12,18,205,194,22700,18,4678,4,45,12,9,16,,,,,,,,,,,,,,,,105,12,10,14,,,,,,,,,,8,4,15,13,11,16,36,34,37,12536,17,14,19,1590,5,4,6,92,1083:1,1609,91,12,9,16,3.0,3.3,2.6,2.7,3.2,2.9,3.0,2.5,2.5,3.1,48945,45176,52714,46563,18562,74564,52281,45846,58716,33231,30057,36405,37280,31648,42912,48441,46408,50474,68,52,43,6,4,8,,,,,,,,,,,,,,,,108,17,14,20,17,,,,,,,,,,,,,,,,96,15,12,18,,,,,,,,,,,,,,,,,238,13900,17,257,30130,59,57,61,5443,11,10,12,76,38839,74,78,127827,24.0,16.4,8529,6.7,3081,2.4,6059,4.7,277,0.2,18863,14.8,87844,68.7,4227,4,,,51.1,26170,20.8,
05133,Arkansas,Sevier,76.5,75.0,78.1,,,,,,,,,,,,,,,,240,441,384,498,,,,,,,,,,,,,,,,12,62,32,108,,,,,,,,,,,,,,,,,,,,,,,,,,,,,,,,,,,17,16,19,17,16,18,15,11,21,11,81,2700,16,1904,11,,,,,,,,,,,,,,,,,,,,40,33,24,45,,,,,,,,,,,,,,,,38,37,39,2156,22,19,25,328,7,4,9,82,1215:1,215,86,,,,3.2,,,3.1,3.3,2.9,,,2.8,3.1,43493,37841,49145,,,,,,,26250,5841,46659,42436,30112,54760,52061,47437,56685,74,25,35,,,,,,,,,,,,,,,,,,,12,14,7,24,14,,,,,,,,,,,,,,,,13,15,8,26,,,,,,,,,,,,,,,,,10,2100,5,64,4201,71,68,75,424,8,5,11,76,4447,72,80,17007,28.6,14.9,630,3.7,610,3.6,101,0.6,214,1.3,5829,34.3,9525,56.0,1304,8,6,10,49.9,10849,63.6,
05135,Arkansas,Sharp,74.8,73.5,76.2,,,,,,,,,,,,,,,,387,511,454,568,,,,,,,,,,,,,,,,,,,,,,,,,,,,,,,,,,,,,,,,,,,,,,,,,,,,,,18,16,20,19,17,20,21,14,30,9,60,3400,20,1758,10,,,,,,,,,,,,,,,,,,,,36,30,21,41,,,,,,,,,,,,,,,,37,35,39,1192,13,11,15,166,5,3,6,92,1090:1,193,94,,,,2.9,,,,,2.9,,,,,37591,32671,42511,,,,,,,,,,,,,,,,74,37,21,,,,,,,,,,,,,,,,,,,24,31,19,47,28,,,,,,,,,,,,,,,,19,22,13,34,,,,,,,,,,,,,,,,,74,1700,44,36,5746,77,74,80,824,12,9,15,58,4340,55,62,17442,20.5,26.4,163,0.9,189,1.1,109,0.6,12,0.1,450,2.6,16186,92.8,24,0,0,1,50.8,13821,80.1,
05137,Arkansas,Stone,76.6,74.6,78.6,,,,,,,,,,,,,,,,236,451,385,517,,,,,,,,,,,,,,,,,,,,,,,,,,,,,,,,,,,,,,,,,,,,,,,,,,,,,,18,16,19,18,16,20,14,10,20,10,93,2450,20,1682,14,,,,,,,,,,,,,,,,,,,,14,16,9,27,,,,,,,,,,,,,,,,36,34,38,981,15,12,17,161,7,4,9,56,1787:1,107,98,,,,3.2,,,,,3.2,,,,,36930,32127,41733,,,,,,,,,,,,,,,,67,,15,,,,,,,,,,,,,,,,,,,22,43,26,67,35,,,,,,,,,,,,,,,,17,27,16,44,,,,,,,,,,,,,,,,,,1200,,0,3573,75,70,79,568,13,7,18,51,2423,45,56,12506,19.1,27.9,53,0.4,117,0.9,58,0.5,5,0.0,238,1.9,11821,94.5,6,0,0,1,50.4,12394,100.0,
05139,Arkansas,Union,72.7,71.8,73.7,,,,,,,69.1,67.3,70.8,,,,74.5,73.4,75.6,824,593,550,635,,,,,,,771,683,859,,,,515,467,564,30,79,53,113,,,,,,,110,63,179,,,,55,27,98,32,9,6,13,,,,,,,,,,,,,,,,16,14,17,16,15,17,13,10,17,113,350,7170,18,5616,13,16,14,8,22,,,,,,,,,,,,,,,,58,21,16,27,,,,,,,24,15,36,,,,19,13,26,39,38,40,2492,11,9,13,433,4,3,6,93,1075:1,592,93,,,,2.7,,2.4,2.7,3.1,2.5,,2.2,2.8,2.8,46602,41259,51945,,,,84071,79598,88544,28122,23180,33064,,,,54639,49406,59872,71,41,40,10,7,15,,,,,,,,,,,,,,,,33,17,12,25,17,,,,,,,,,,,,,,,,39,20,14,27,,,,,,,31,19,47,,,,16,9,24,,24,4200,6,86,11865,75,73,78,1818,12,10,15,63,9856,60,65,38682,24.0,18.4,12662,32.7,207,0.5,263,0.7,20,0.1,1611,4.2,23462,60.7,252,1,0,1,51.3,22695,54.5,
05141,Arkansas,Van Buren,75.9,74.3,77.4,,,,,,,,,,,,,,,,321,470,412,528,,,,,,,,,,,,,,,,,,,,,,,,,,,,,,,,,,,,,,,,,,,,,,,,,,,,,,17,15,18,17,16,19,16,12,22,6,42,3140,19,1055,6,,,,,,,,,,,,,,,,,,,,36,31,22,43,,,,,,,,,,,,,,,,37,36,39,1026,12,10,14,173,5,3,7,121,827:1,168,93,17,6,29,3.1,,,,,2.9,,,,,38096,33369,42823,81125,39637,122613,,,,,,,21552,5841,37263,38498,35347,41649,100,,22,,,,,,,,,,,,,,,,,,,15,21,11,36,18,,,,,,,,,,,,,,,,10,12,6,22,,,,,,,,,,,,,,,,,27,1700,16,26,5352,79,76,81,673,11,7,14,64,4358,61,67,16545,19.4,26.7,96,0.6,160,1.0,70,0.4,4,0.0,522,3.2,15412,93.2,38,0,0,1,50.2,17295,100.0,
05143,Arkansas,Washington,78.3,77.9,78.7,100.5,77.2,123.9,77.6,74.6,80.7,74.8,71.5,78.0,88.8,84.3,93.2,77.8,77.4,78.2,2441,357,343,372,,,,403,320,486,455,344,591,144,112,177,380,364,396,135,59,49,69,,,,154,98,229,115,61,197,38,24,56,52,40,65,152,7,6,8,,,,21,14,31,,,,5,3,7,6,5,7,14,12,16,15,13,16,10,8,12,332,170,31560,14,12307,6,42,6,4,8,,,,,,,,,,,,,,,,191,12,10,14,,,,,,,17,8,31,7,4,11,13,11,15,33,32,35,22033,15,13,17,3428,6,4,7,86,1167:1,3023,89,5,3,6,3.0,2.6,2.8,2.7,3.3,2.9,2.2,2.5,2.6,3.2,52158,48071,56245,44679,26742,62616,51620,30596,72644,30078,25325,34831,43134,40660,45608,53836,52361,55311,57,42,33,3,2,4,,,,,,,,,,5,2,8,2,1,3,192,17,14,19,17,,,,,,,,,,,,,,,,126,11,9,13,,,,,,,,,,,,,,,,,582,25400,23,255,45928,53,51,54,10358,12,11,13,79,69135,78,81,239187,24.1,12.1,8204,3.4,3758,1.6,6297,2.6,6728,2.8,40999,17.1,168488,70.4,8239,4,,,50.0,51771,25.5,
05145,Arkansas,White,75.8,75.2,76.4,,,,,,,75.5,71.7,79.4,,,,75.5,74.8,76.1,1227,448,422,474,,,,,,,537,397,710,,,,459,431,486,46,63,46,83,,,,,,,,,,,,,,,,61,9,7,12,,,,,,,,,,,,,,,,15,14,17,16,15,18,17,13,22,81,123,13200,17,4016,5,32,14,9,19,,,,,,,,,,,,,,,,107,19,16,23,,,,,,,,,,,,,,,,36,35,38,5288,12,10,14,781,4,3,5,94,1064:1,941,90,4,2,6,2.9,,2.8,2.6,3.0,2.8,,2.5,2.4,2.9,46388,41484,51292,,,,27853,18008,37698,28827,21959,35695,40833,30182,51484,46094,41379,50809,58,41,32,4,3,6,,,,,,,,,,,,,,,,71,19,15,24,18,,,,,,,,,,,,,,,,55,14,10,18,,,,,,,,,,,,,,,,,151,8500,18,99,19195,66,63,69,3116,11,10,13,76,22047,74,78,78753,23.0,16.8,3546,4.5,554,0.7,685,0.9,65,0.1,3501,4.4,69094,87.7,677,1,1,1,51.3,41866,54.3,
05147,Arkansas,Woodruff,73.0,70.7,75.3,,,,,,,76.7,71.8,81.5,,,,71.7,68.9,74.5,158,606,503,708,,,,,,,592,405,836,,,,632,507,756,,,,,,,,,,,,,,,,,,,,,,,,,,,,,,,,,,,,,,,18,16,19,18,17,20,27,15,44,13,237,1430,22,191,3,,,,,,,,,,,,,,,,,,,,14,30,16,50,,,,,,,,,,,,,,,,38,37,39,386,11,9,13,67,5,3,6,111,903:1,,,,,,2.8,,,,,2.8,,,,,36568,31685,41451,,,,,,,20966,12499,29433,,,,42061,35658,48464,76,24,23,,,,,,,,,,,,,,,,,,,11,32,15,61,34,,,,,,,,,,,,,,,,,,,,,,,,,,,,,,,,,,,,9,600,15,0,1917,65,60,70,234,9,5,13,53,1567,49,58,6320,21.4,23.4,1630,25.8,39,0.6,18,0.3,5,0.1,140,2.2,4372,69.2,0,0,,,51.6,7260,100.0,
05149,Arkansas,Yell,74.9,73.7,76.1,,,,,,,,,,,,,,,,409,525,472,578,,,,,,,,,,,,,,,,16,76,43,123,,,,,,,,,,,,,,,,,,,,,,,,,,,,,,,,,,,17,15,18,17,15,18,14,10,20,22,124,3540,16,1217,5,,,,,,,,,,,,,,,,,,,,34,22,16,31,,,,,,,,,,,,,,,,35,33,36,1802,15,12,17,314,6,4,8,112,889:1,255,88,,,,3.0,,,2.9,3.1,3.0,,,2.7,3.2,44469,39079,49859,49167,20373,77961,27973,15614,40332,,,,40941,37523,44359,45990,40389,51591,79,49,23,8,4,14,,,,,,,,,,,,,,,,15,14,8,24,14,,,,,,,,,,,,,,,,15,14,8,23,,,,,,,,,,,,,,,,,24,2500,10,48,5363,71,68,75,607,9,5,12,71,5292,67,74,21341,24.3,18.1,372,1.7,234,1.1,290,1.4,16,0.1,4371,20.5,15928,74.6,1086,5,4,7,49.9,17554,79.1,
