,FIPS,State,County,Life Expectancy,95% CI - Low,95% CI - High,Life Expectancy (AIAN),Life Expectancy (AIAN) 95% CI - Low,Life Expectancy (AIAN) 95% CI - High,Life Expectancy (Asian),Life Expectancy (Asian) 95% CI - Low,Life Expectancy (Asian) 95% CI - High,Life Expectancy (Black),Life Expectancy (Black) 95% CI - Low,Life Expectancy (Black) 95% CI - High,Life Expectancy (Hispanic),Life Expectancy (Hispanic) 95% CI - Low,Life Expectancy (Hispanic) 95% CI - High,Life Expectancy (White),Life Expectancy (White) 95% CI - Low,Life Expectancy (White) 95% CI - High,# Deaths,Age-Adjusted Death Rate,95% CI - Low,95% CI - High,Age-Adjusted Mortality (AIAN),Age-Adjusted Mortality (AIAN) 95% CI - Low,Age-Adjusted Mortality (AIAN) 95% CI - High,Age-Adjusted Mortality (Asian),Age-Adjusted Mortality (Asian) 95% CI - Low,Age-Adjusted Mortality (Asian) 95% CI - High,Age-Adjusted Mortality (Black),Age-Adjusted Mortality (Black) 95% CI - Low,Age-Adjusted Mortality (Black) 95% CI - High,Age-Adjusted Mortality (Hispanic),Age-Adjusted Mortality (Hispanic) 95% CI - Low,Age-Adjusted Mortality (Hispanic) 95% CI - High,Age-Adjusted Mortality (White),Age-Adjusted Mortality (White) 95% CI - Low,Age-Adjusted Mortality (White) 95% CI - High,# Deaths,Child Mortality Rate,95% CI - Low,95% CI - High,Child Mortality Rate (AIAN),Child Mortality Rate (AIAN) 95% CI - Low,Child Mortality Rate (AIAN) 95% CI - High,Child Mortality Rate (Asian),Child Mortality Rate (Asian) 95% CI - Low,Child Mortality Rate (Asian) 95% CI - High,Child Mortality Rate (Black),Child Mortality Rate (Black) 95% CI - Low,Child Mortality Rate (Black) 95% CI - High,Child Mortality Rate (Hispanic),Child Mortality Rate (Hispanic) 95% CI - Low,Child Mortality Rate (Hispanic) 95% CI - High,Child Mortality Rate (White),Child Mortality Rate (White) 95% CI - Low,Child Mortality Rate (White) 95% CI - High,# Deaths,Infant Mortality Rate,95% CI - Low,95% CI - High,Infant Mortality Rate (AIAN),Infant Mortality Rate (AIAN) 95% CI - Low,Infant Mortality Rate (AIAN) 95% CI - High,Infant Mortality Rate (Asian),Infant Mortality Rate (Asian) 95% CI - Low,Infant Mortality Rate (Asian) 95% CI - High,Infant Mortality Rate (Black),Infant Mortality Rate (Black) 95% CI - Low,Infant Mortality Rate (Black) 95% CI - High,Infant Mortality Rate (Hispanic),Infant Mortality Rate (Hispanic) 95% CI - Low,Infant Mortality Rate (Hispanic) 95% CI - High,Infant Mortality Rate (White),Infant Mortality Rate (White) 95% CI - Low,Infant Mortality Rate (White) 95% CI - High,% Frequent Physical Distress,95% CI - Low,95% CI - High,% Frequent Mental Distress,95% CI - Low,95% CI - High,% Adults with Diabetes,95% CI - Low,95% CI - High,# HIV Cases,HIV Prevalence Rate,# Food Insecure,% Food Insecure,# Limited Access,% Limited Access to Healthy Foods,# Drug Overdose Deaths,Drug Overdose Mortality Rate,95% CI - Low,95% CI - High,Drug Overdose Mortality Rate (AIAN),Drug Overdose Mortality Rate (AIAN) 95% CI - Low,Drug Overdose Mortality Rate (AIAN) 95% CI - High,Drug Overdose Mortality Rate (Asian),Drug Overdose Mortality Rate (Asian) 95% CI - Low,Drug Overdose Mortality Rate (Asian) 95% CI - High,Drug Overdose Mortality Rate (Black),Drug Overdose Mortality Rate (Black) 95% CI - Low,Drug Overdose Mortality Rate (Black) 95% CI - High,Drug Overdose Mortality Rate (Hispanic),Drug Overdose Mortality Rate (Hispanic) 95% CI - Low,Drug Overdose Mortality Rate (Hispanic) 95% CI - High,Drug Overdose Mortality Rate (White),Drug Overdose Mortality Rate (White) 95% CI - Low,Drug Overdose Mortality Rate (White) 95% CI - High,# Motor Vehicle Deaths,Motor Vehicle Mortality Rate,95% CI - Low,95% CI - High,MV Mortality Rate (AIAN),MV Mortality Rate (AIAN) 95% CI - Low,MV Mortality Rate (AIAN) 95% CI - High,MV Mortality Rate (Asian),MV Mortality Rate (Asian) 95% CI - Low,MV Mortality Rate (Asian) 95% CI - High,MV Mortality Rate (Black),MV Mortality Rate (Black) 95% CI - Low,MV Mortality Rate (Black) 95% CI - High,MV Mortality Rate (Hispanic),MV Mortality Rate (Hispanic) 95% CI - Low,MV Mortality Rate (Hispanic) 95% CI - High,MV Mortality Rate (White),MV Mortality Rate (White) 95% CI - Low,MV Mortality Rate (White) 95% CI - High,% Insufficient Sleep,95% CI - Low,95% CI - High,# Uninsured (Adults),% Uninsured (Adults),95% CI - Low (Adults),95% CI - High (Adults),# Uninsured (Children),% Uninsured (Children),95% CI - Low (Children),95% CI - High (Children),Other Primary Care Provider Rate,Other Primary Care Provider Ratio,Cohort Size,High School Graduation Rate,% Disconnected Youth,95% CI - Low,95% CI - High,Average Grade Performance (Math),Average Grade Performance (Asian) (Math),Average Grade Performance (Black) (Math),Average Grade Performance (Hispanic) (Math),Average Grade Performance (White) (Math),Average Grade Performance (Reading),Average Grade Performance (Asian) (Reading),Average Grade Performance (Black) (Reading),Average Grade Performance (Hispanic) (Reading),Average Grade Performance (White) (Reading),Median Household Income,95% CI - Low,95% CI - High,Household Income (AIAN),Household Income (AIAN) 95% CI - Low,Household Income (AIAN) 95% CI - High,Household Income (Asian),Household Income (Asian) 95% CI - Low,Household Income (Asian) 95% CI - High,Household Income (Black),Household Income (Black) 95% CI - Low,Household Income (Black) 95% CI - High,Household Income (Hispanic),Household Income (Hispanic) 95% CI - Low,Household Income (Hispanic) 95% CI - High,Household Income (White),Household Income (White) 95% CI - Low,Household Income (White) 95% CI - High,% Enrolled in Free or Reduced Lunch,Segregation index,Segregation Index,Homicide Rate,95% CI - Low,95% CI - High,Homicide Rate (AIAN),Homicide Rate (AIAN) 95% CI - Low,Homicide Rate (AIAN) 95% CI - High,Homicide Rate (Asian),Homicide Rate (Asian) 95% CI - Low,Homicide Rate (Asian) 95% CI - High,Homicide Rate (Black),Homicide Rate (Black) 95% CI - Low,Homicide Rate (Black) 95% CI - High,Homicide Rate (Hispanic),Homicide Rate (Hispanic) 95% CI - Low,Homicide Rate (Hispanic) 95% CI - High,Homicide Rate (White),Homicide Rate (White) 95% CI - Low,Homicide Rate (White) 95% CI - High,# Deaths,Suicide Rate (Age-Adjusted),95% CI - Low,95% CI - High,Crude Rate,Suicide Rate (AIAN),Suicide Rate (AIAN) 95% CI - Low,Suicide Rate (AIAN) 95% CI - High,Suicide Rate (Asian),Suicide Rate (Asian) 95% CI - Low,Suicide Rate (Asian) 95% CI - High,Suicide Rate (Black),Suicide Rate (Black) 95% CI - Low,Suicide Rate (Black) 95% CI - High,Suicide Rate (Hispanic),Suicide Rate (Hispanic) 95% CI - Low,Suicide Rate (Hispanic) 95% CI - High,Suicide Rate (White),Suicide Rate (White) 95% CI - Low,Suicide Rate (White) 95% CI - High,# Firearm Fatalities,Firearm Fatalities Rate,95% CI - Low,95% CI - High,Firearm Fatalities Rate (AIAN),Firearm Fatalities Rate (AIAN) 95% CI - Low,Firearm Fatalities Rate (AIAN) 95% CI - High,Firearm Fatalities Rate (Asian),Firearm Fatalities Rate (Asian) 95% CI - Low,Firearm Fatalities Rate (Asian) 95% CI - High,Firearm Fatalities Rate (Black),Firearm Fatalities Rate (Black) 95% CI - Low,Firearm Fatalities Rate (Black) 95% CI - High,Firearm Fatalities Rate (Hispanic),Firearm Fatalities Rate (Hispanic) 95% CI - Low,Firearm Fatalities Rate (Hispanic) 95% CI - High,Firearm Fatalities Rate (White),Firearm Fatalities Rate (White) 95% CI - Low,Firearm Fatalities Rate (White) 95% CI - High,Non-Petitioned Cases,Petitioned Cases,Denominator,Juvenile Arrest Rate,Traffic Volume,# Homeowners,% Homeowners,95% CI - Low,95% CI - High,# Households with Severe Cost Burden,% Severe Housing Cost Burden,95% CI - Low,95% CI - High,% Broadband Access,Numerator,95% CI - Low,95% CI - High,Population,% Less Than 18 Years of Age,% 65 and Over,# Black,% Black,# American Indian & Alaska Native,% American Indian & Alaska Native,# Asian,% Asian,# Native Hawaiian/Other Pacific Islander,% Native Hawaiian/Other Pacific Islander,# Hispanic,% Hispanic,# Non-Hispanic White,% Non-Hispanic White,# Not Proficient in English,% Not Proficient in English,95% CI - Low,95% CI - High,% Female,# Rural,% Rural,
1,55000,Wisconsin,,79.5,79.4,79.5,72.8,71.9,73.7,84.9,84.0,85.8,72.5,72.2,72.9,85.0,84.2,85.8,79.9,79.8,80.0,64745,308,306,311,620,581,658,201,186,215,621,606,637,238,226,249,292,289,294,2554,50,48,52,78,58,102,51,41,60,118,109,128,42,37,48,41,39,43,2783,6,6,6,9,7,12,7,6,8,17,16,18,5,5,6,5,4,5,11,10,12,13,11,14,10,,,6331,129,515930,9,271877,5,3457,20,19,20,54,44,66,3,2,5,37,34,41,14,12,16,19,18,20,4030,10,10,10,23,18,28,4,3,6,14,13,15,7,6,8,10,10,10,33,31,35,260556,8,7,8,50708,4,3,4,124,808:1,66539,90,5,5,5,3.0,3.0,2.0,2.5,3.2,3.0,3.1,1.9,2.5,3.3,64177,63470,64884,42439,40322,44556,71786,69441,74131,31351,30512,32190,46266,45259,47273,64927,64674,65180,39,76,55,4,3,4,6,3,8,2,1,3,29,27,31,5,4,5,1,1,2,4394,15,14,15,15,22,17,28,7,5,9,7,6,8,7,6,8,16,15,17,3103,11,10,11,13,9,17,5,3,6,31,29,34,6,5,7,10,9,10,,8016,516700,,597,1580939,67,67,67,267436,12,11,12,83,1945764,82,83,5822434,21.8,17.5,372273,6.4,68628,1.2,175279,3.0,3419,0.1,413208,7.1,4709065,80.9,75433,1,1,1,50.2,1697348,29.8,
2,55001,Wisconsin,Adams,77.5,75.9,79.0,,,,,,,,,,,,,,,,388,426,375,478,,,,,,,,,,,,,,,,,,,,,,,,,,,,,,,,,,,,,,,,,,,,,,,,,,,,,,14,12,15,14,13,16,18,12,26,17,93,2440,12,695,3,25,41,27,61,,,,,,,,,,,,,,,,29,21,14,29,,,,,,,,,,,,,,,,35,33,36,953,9,8,11,180,6,4,8,35,2889:1,104,93,,,,2.5,,,,,2.6,,,,,53156,47515,58797,,,,,,,70625,34313,106937,41406,30444,52368,46566,44177,48955,67,42,21,,,,,,,,,,,,,,,,,,,22,22,13,35,22,,,,,,,,,,,,,,,,13,13,7,22,,,,,,,,,,,,,,,,,63,1300,48,2,7548,83,83,84,1095,13,11,14,74,6745,73,76,20220,14.1,30.2,554,2.7,246,1.2,127,0.6,8,0.0,845,4.2,18267,90.3,178,1,0,1,46.8,20875,100.0,
3,55003,Wisconsin,Ashland,76.7,75.3,78.0,67.4,62.6,72.2,,,,,,,,,,77.9,76.5,79.3,224,372,319,425,786,559,1075,,,,,,,,,,320,268,371,10,73,35,134,,,,,,,,,,,,,,,,,,,,,,,,,,,,,,,,,,,14,13,15,15,13,16,10,7,13,6,45,1830,12,2065,13,12,26,13,45,,,,,,,,,,,,,,,,,,,,,,,,,,,,,,,,,,,34,32,35,832,10,8,11,156,4,3,6,116,865:1,222,95,9,3,14,3.0,,,,,2.9,,,,,47202,41590,52814,30761,14137,47385,36875,20440,53310,,,,23750,10329,37171,44392,39951,48833,60,,55,,,,,,,,,,,,,,,,,,,18,24,14,39,23,,,,,,,,,,,,,,,,19,24,15,38,,,,,,,,,,,,,,,,,66,1400,47,203,4483,68,66,71,756,12,9,14,71,4644,68,73,15562,22.0,20.2,80,0.5,1813,11.7,92,0.6,6,0.0,472,3.0,12790,82.2,10,0,0,1,49.8,8864,54.9,
4,55005,Wisconsin,Barron,78.8,78.0,79.6,,,,,,,,,,,,,,,,603,327,298,355,,,,,,,,,,,,,,,,19,49,29,76,,,,,,,,,,,,,,,,,,,,,,,,,,,,,,,,,,,13,11,14,14,12,15,11,8,16,25,65,4260,9,1439,3,10,7,4,14,,,,,,,,,,,,,,,,45,14,10,19,,,,,,,,,,,,,,,,34,32,36,2171,9,7,10,662,7,5,8,133,754:1,608,95,6,3,10,2.9,,,2.7,3.0,2.8,,,2.8,2.9,54372,49679,59065,40536,23003,58069,62656,19725,105587,27377,2146,52608,61316,49103,73529,53486,50830,56142,45,79,44,3,2,6,,,,,,,,,,,,,,,,37,17,11,23,16,,,,,,,,,,,,,,,,29,13,9,18,,,,,,,,,,,,,,,,,22,4000,6,121,14130,75,73,76,1805,10,8,11,75,14246,73,78,45244,21.5,22.6,683,1.5,520,1.1,305,0.7,9,0.0,1175,2.6,42086,93.0,241,1,0,1,50.0,30241,65.9,
5,55007,Wisconsin,Bayfield,80.5,78.8,82.1,,,,,,,,,,,,,,,,210,298,249,347,850,610,1153,,,,,,,,,,254,205,302,,,,,,,,,,,,,,,,,,,,,,,,,,,,,,,,,,,,,,,12,11,13,13,12,15,7,5,10,,,1520,10,1568,10,,,,,,,,,,,,,,,,,,,,27,26,17,37,,,,,,,,,,,,,,,,32,31,34,815,10,8,11,173,7,5,8,13,7518:1,,,,,,3.5,,,,,3.4,,,,,58065,53409,62721,53885,47646,60124,,,,,,,21058,12813,29303,57104,54975,59233,49,,58,,,,,,,,,,,,,,,,,,,20,31,18,50,27,,,,,,,,,,,,,,,,15,20,11,33,,,,,,,,,,,,,,,,,18,1100,16,12,5872,83,82,84,607,9,8,10,81,5749,79,84,15036,17.3,28.2,88,0.6,1579,10.5,79,0.5,4,0.0,338,2.2,12661,84.2,29,0,0,1,49.2,15014,100.0,
6,55009,Wisconsin,Brown,79.9,79.6,80.3,72.0,69.7,74.3,80.6,76.9,84.3,,,,94.3,83.5,105.1,80.3,79.9,80.6,2524,280,269,292,586,477,696,318,235,420,722,565,909,203,156,261,267,256,279,133,53,44,62,,,,,,,116,66,189,49,30,77,47,37,58,155,7,6,8,,,,,,,20,12,31,6,4,10,5,4,7,12,11,13,13,11,14,10,8,13,169,77,20810,8,14517,6,106,13,11,16,60,32,103,,,,,,,,,,13,10,16,122,7,6,8,21,10,38,,,,,,,,,,7,6,8,33,31,34,13121,8,7,9,2759,4,3,5,153,655:1,3246,91,4,2,5,3.0,2.7,2.2,2.3,3.2,2.9,2.7,1.8,2.2,3.2,65494,61100,69888,35804,32103,39505,81850,67933,95767,25128,18569,31687,47239,43206,51272,65329,63779,66879,40,61,38,2,1,2,,,,,,,,,,,,,,,,212,16,14,18,16,,,,,,,,,,,,,,,,102,8,6,9,,,,,,,,,,,,,,,,,239,24900,10,542,68260,65,64,66,10219,10,9,11,85,89788,84,86,264542,23.5,15.4,7135,2.7,8888,3.4,9057,3.4,223,0.1,23906,9.0,212441,80.3,5843,2,,,50.4,35947,14.5,
7,55011,Wisconsin,Buffalo,80.8,79.3,82.3,,,,,,,,,,,,,,,,140,255,209,302,,,,,,,,,,,,,,,,,,,,,,,,,,,,,,,,,,,,,,,,,,,,,,,,,,,,,,12,11,13,13,12,15,13,7,22,,,1050,8,897,7,,,,,,,,,,,,,,,,,,,,14,15,8,25,,,,,,,,,,,,,,,,33,32,35,639,9,7,10,167,6,4,8,15,6516:1,143,91,,,,3.1,,,,,3.0,,,,,58407,53363,63451,,,,,,,,,,70074,32270,107878,57964,55770,60158,38,,29,,,,,,,,,,,,,,,,,,,,,,,,,,,,,,,,,,,,,,,,,,,,,,,,,,,,,,,,,,,10,1100,9,5,4407,76,74,79,615,11,8,14,81,4650,78,83,13031,20.5,22.8,69,0.5,52,0.4,60,0.5,1,0.0,303,2.3,12426,95.4,98,1,0,1,49.0,13587,100.0,
8,55013,Wisconsin,Burnett,78.7,77.0,80.4,,,,,,,,,,,,,,,,282,395,340,451,837,496,1323,,,,,,,,,,381,324,437,,,,,,,,,,,,,,,,,,,,,,,,,,,,,,,,,,,,,,,13,11,14,14,13,15,12,7,20,6,45,1630,11,449,3,,,,,,,,,,,,,,,,,,,,33,31,21,43,,,,,,,,,,,,,,,,33,31,35,802,10,8,11,162,6,4,8,71,1401:1,250,85,,,,3.0,,,,,3.0,,,,,51519,47998,55040,41607,31186,52028,83250,26765,139735,,,,22273,9880,34666,53472,51118,55826,52,,28,,,,,,,,,,,,,,,,,,,,,,,,,,,,,,,,,,,,,,,,,,,,,,,,,,,,,,,,,,,29,1100,26,22,6005,82,77,88,721,10,9,12,76,5582,75,78,15414,17.4,29.4,123,0.8,715,4.6,73,0.5,13,0.1,308,2.0,13897,90.2,31,0,0,1,48.8,15457,100.0,
9,55015,Wisconsin,Calumet,81.1,80.3,81.9,,,,,,,,,,,,,,,,411,233,210,257,,,,,,,,,,,,,,,,15,31,17,51,,,,,,,,,,,,,,,,,,,,,,,,,,,,,,,,,,,10,9,12,12,11,13,9,5,14,14,33,2720,6,2111,4,12,8,4,14,,,,,,,,,,,,,,,,30,9,6,12,,,,,,,,,,,,,,,,31,29,33,1566,5,4,6,343,3,2,4,18,5565:1,313,95,,,,3.2,3.0,,2.6,3.3,3.3,3.0,,2.5,3.5,80354,74781,85927,64435,12064,116806,46959,22025,71893,36354,15708,57000,55299,41851,68747,78179,75377,80981,28,61,51,,,,,,,,,,,,,,,,,,,25,10,7,15,10,,,,,,,,,,,,,,,,17,7,4,11,,,,,,,,,,,,,,,,,61,5200,12,239,15973,81,79,82,1564,8,7,10,87,17217,86,88,50089,23.3,15.7,378,0.8,274,0.5,1210,2.4,33,0.1,2278,4.5,45386,90.6,467,1,0,2,49.6,13484,27.5,
10,55017,Wisconsin,Chippewa,79.7,79.0,80.4,,,,,,,,,,,,,,,,718,291,269,314,,,,,,,,,,,,,,,,28,49,33,71,,,,,,,,,,,,,,,,30,6,4,9,,,,,,,,,,,,,,,,12,11,13,13,12,15,10,6,13,14,26,5680,9,3154,5,28,15,10,21,,,,,,,,,,,,,,,,43,10,7,13,,,,,,,,,,,,,,,,33,31,35,2634,7,6,8,666,5,3,6,67,1504:1,635,88,6,2,10,3.1,,,,,3.2,,,,,60713,55821,65605,,,,62188,12505,111871,,,,,,,59396,57398,61394,40,83,30,,,,,,,,,,,,,,,,,,,65,20,16,26,20,,,,,,,,,,,,,,,,42,13,9,18,,,,,,,,,,,,,,,,,94,5900,16,129,18717,73,71,75,2296,9,8,11,83,21206,82,84,64658,21.9,18.4,1105,1.7,407,0.6,954,1.5,44,0.1,1199,1.9,60314,93.3,263,0,0,1,48.0,28800,46.1,
11,55019,Wisconsin,Clark,78.7,77.8,79.7,,,,,,,,,,,,,,,,407,341,307,376,,,,,,,,,,,,,,,,27,66,44,96,,,,,,,,,,,,,,,,21,5,3,8,,,,,,,,,,,,,,,,14,13,16,15,14,17,11,7,16,10,37,2930,9,518,1,,,,,,,,,,,,,,,,,,,,43,18,13,24,,,,,,,,,,,,,,,,33,31,34,2924,16,14,18,2028,20,16,24,58,1739:1,395,93,14,11,17,2.8,,,2.5,2.9,2.6,,,2.0,2.8,54296,50075,58517,57000,47816,66184,,,,33750,4839,62661,43472,28317,58627,54113,52639,55587,53,53,27,,,,,,,,,,,,,,,,,,,25,16,10,24,14,,,,,,,,,,,,,,,,16,9,5,15,,,,,,,,,,,,,,,,,43,4000,11,41,10030,78,77,80,1092,9,8,10,71,9086,70,72,34774,29.4,17.0,169,0.5,272,0.8,177,0.5,16,0.0,1796,5.2,32144,92.4,729,2,2,3,49.5,31821,91.7,
12,55021,Wisconsin,Columbia,79.2,78.5,79.9,,,,,,,,,,,,,,,,681,307,282,331,,,,,,,,,,,,,,,,16,33,19,53,,,,,,,,,,,,,,,,,,,,,,,,,,,,,,,,,,,11,10,13,13,11,14,10,6,14,25,51,4110,7,840,1,44,26,19,34,,,,,,,,,,,,,,,,55,14,10,18,,,,,,,,,,,,,,,,33,31,34,2271,7,6,8,606,5,3,6,78,1278:1,703,93,5,2,7,2.9,,,2.5,3.0,2.9,,,2.5,3.0,69219,64559,73879,87798,40940,134656,108438,62526,154350,25167,4278,46056,42417,23544,61290,68163,65550,70776,33,57,27,3,1,5,,,,,,,,,,,,,,,,56,19,14,25,20,,,,,,,,,,,,,,,,34,12,8,17,,,,,,,,,,,,,,,,,76,5100,15,107,17933,74,73,75,2349,10,8,12,81,19486,80,82,57532,21.0,18.4,927,1.6,444,0.8,444,0.8,46,0.1,2101,3.7,53087,92.3,404,1,0,1,48.9,34481,60.7,
13,55023,Wisconsin,Crawford,79.3,77.9,80.8,,,,,,,,,,,,,,,,217,325,277,373,,,,,,,,,,,,,,,,,,,,,,,,,,,,,,,,,,,,,,,,,,,,,,,,,,,,,,13,11,14,14,12,15,12,7,19,5,36,1660,10,774,5,,,,,,,,,,,,,,,,,,,,16,14,8,23,,,,,,,,,,,,,,,,34,32,35,691,8,7,9,175,5,4,7,68,1466:1,182,88,14,6,22,3.1,,,,,3.1,,,,,51919,45962,57876,,,,,,,25250,854,49646,39038,29865,48211,51141,48222,54060,53,,30,,,,,,,,,,,,,,,,,,,16,19,10,32,20,,,,,,,,,,,,,,,,10,12,6,23,,,,,,,,,,,,,,,,,22,1400,16,227,5038,76,74,78,574,9,7,11,76,5040,73,78,16131,20.0,24.0,349,2.2,60,0.4,104,0.6,7,0.0,285,1.8,15161,94.0,60,0,0,1,48.1,10389,62.4,
14,55025,Wisconsin,Dane,81.8,81.6,82.1,72.3,67.4,77.3,89.5,86.3,92.8,73.7,72.4,75.0,85.2,82.9,87.5,82.0,81.7,82.3,4109,233,226,240,556,349,842,124,96,158,524,466,582,159,124,202,228,220,236,183,41,35,47,,,,,,,87,62,119,43,27,65,35,29,42,217,5,4,6,,,,,,,16,12,21,6,4,9,4,3,4,10,9,11,11,10,12,6,4,7,551,119,39010,7,25062,5,337,21,19,23,,,,,,,51,38,67,,,,21,18,23,245,7,6,7,,,,,,,14,9,19,6,3,10,6,6,7,31,29,32,19748,6,5,6,3068,3,2,3,173,578:1,5743,89,2,1,3,3.1,3.1,2.2,2.3,3.4,3.2,3.3,1.9,2.3,3.5,77828,74090,81566,49087,20090,78084,69486,62964,76008,35444,31265,39623,48234,43929,52539,78402,76925,79879,31,50,37,2,1,2,,,,,,,14,9,19,,,,1,1,2,341,12,11,13,13,,,,6,3,12,8,4,15,,,,13,12,15,186,7,6,8,,,,,,,17,12,25,,,,7,6,8,,539,43000,13,802,129740,58,58,59,28618,13,12,14,88,197153,88,89,546695,20.2,14.2,28737,5.3,2558,0.5,34433,6.3,300,0.1,35763,6.5,433169,79.2,7260,1,1,2,50.3,60179,12.3,
15,55027,Wisconsin,Dodge,78.6,78.0,79.1,,,,,,,70.4,65.4,75.4,81.6,76.7,86.6,78.4,77.8,79.0,1080,328,308,348,,,,,,,782,404,1367,,,,335,313,356,31,44,30,63,,,,,,,,,,,,,,,,28,5,3,7,,,,,,,,,,,,,,,,12,11,14,13,12,15,12,9,15,73,96,6730,8,3406,4,65,25,19,31,,,,,,,,,,,,,,,,77,12,10,16,,,,,,,,,,,,,,,,33,32,35,3334,7,6,8,634,4,3,4,99,1010:1,798,91,4,2,7,3.1,,,2.7,3.1,3.2,,,2.9,3.2,61730,59056,64404,84602,57286,111918,173257,79861,266653,34141,17090,51192,55134,42930,67338,60916,59397,62435,38,64,25,,,,,,,,,,,,,,,,,,,75,16,13,20,17,,,,,,,,,,,,,,,,36,8,6,11,,,,,,,,,,,,,,,,,96,7500,13,163,24396,70,69,71,3470,10,9,11,82,28717,81,83,87839,19.6,18.2,2831,3.2,516,0.6,573,0.7,61,0.1,4435,5.0,78673,89.6,594,1,0,1,47.2,43174,48.6,
16,55029,Wisconsin,Door,81.9,81.0,82.8,,,,,,,,,,,,,,,,310,218,189,247,,,,,,,,,,,,,,,,,,,,,,,,,,,,,,,,,,,,,,,,,,,,,,,,,,,,,,11,9,12,12,11,14,14,9,21,14,57,2250,8,716,3,,,,,,,,,,,,,,,,,,,,21,11,7,17,,,,,,,,,,,,,,,,32,30,34,1153,8,7,9,229,5,3,6,83,1203:1,261,95,,,,3.1,,,2.8,3.1,3.2,,,2.8,3.3,64217,58674,69760,70387,40018,100756,110391,63565,157217,,,,44875,20445,69305,62221,59646,64796,40,83,36,,,,,,,,,,,,,,,,,,,25,18,11,28,18,,,,,,,,,,,,,,,,16,12,7,19,,,,,,,,,,,,,,,,,42,2000,21,88,10538,80,79,81,1197,9,8,11,81,10647,78,83,27668,16.3,30.5,205,0.7,202,0.7,152,0.5,13,0.0,958,3.5,25825,93.3,165,1,0,1,50.5,19168,69.0,
17,55031,Wisconsin,Douglas,79.2,78.4,80.1,,,,,,,,,,,,,,,,520,309,280,337,,,,,,,,,,,,,,,,15,44,24,72,,,,,,,,,,,,,,,,20,7,4,11,,,,,,,,,,,,,,,,12,11,14,14,12,15,9,6,13,11,30,4520,10,3747,8,26,20,13,29,,,,,,,,,,,,,,,,28,9,6,13,,,,,,,,,,,,,,,,32,30,34,1909,7,6,9,329,4,3,5,56,1798:1,443,89,,,,3.0,,,,,2.8,,,,,55651,52144,59158,31964,13370,50558,71106,54498,87714,55298,29207,81389,39511,15457,63565,54563,52079,57047,44,73,34,,,,,,,,,,,,,,,,,,,37,16,11,22,17,,,,,,,,,,,,,,,,22,10,6,15,,,,,,,,,,,,,,,,,113,3500,32,424,12837,68,66,69,1798,10,8,11,78,14843,77,79,43150,19.6,19.2,508,1.2,851,2.0,485,1.1,16,0.0,730,1.7,39424,91.4,131,0,0,1,49.9,17114,38.8,
18,55033,Wisconsin,Dunn,80.4,79.5,81.2,,,,,,,,,,,,,,,,429,285,257,313,,,,,,,,,,,,,,,,17,48,28,77,,,,,,,,,,,,,,,,21,7,4,10,,,,,,,,,,,,,,,,12,11,13,13,12,15,9,5,13,22,57,3880,9,2008,5,,,,,,,,,,,,,,,,,,,,48,15,11,20,,,,,,,,,,,,,,,,33,31,34,1776,7,6,8,364,4,3,5,88,1134:1,466,96,,,,3.0,2.9,,,3.1,3.1,2.7,,,3.2,61506,55342,67670,,,,103365,33884,172846,9279,6884,11674,29961,20549,39373,59413,56499,62327,39,,24,,,,,,,,,,,,,,,,,,,32,13,9,19,14,,,,,,,,,,,,,,,,19,8,5,13,,,,,,,,,,,,,,,,,59,3600,16,232,11491,68,67,70,1918,12,10,14,82,13756,79,84,45368,19.5,16.1,379,0.8,254,0.6,1339,3.0,23,0.1,933,2.1,41923,92.4,413,1,1,1,49.8,26013,59.3,
19,55035,Wisconsin,Eau Claire,79.7,79.1,80.2,,,,80.4,76.6,84.2,,,,,,,79.7,79.1,80.2,1016,294,275,313,,,,254,153,397,,,,,,,295,276,314,40,47,34,64,,,,,,,,,,,,,,,,50,6,4,8,,,,,,,,,,,,,,,,11,10,13,13,11,14,10,8,13,39,44,9210,9,6417,6,37,12,8,16,,,,,,,,,,,,,,,,53,7,6,10,,,,,,,,,,,,,,,,34,32,36,4378,7,6,8,795,4,3,5,201,498:1,1051,86,3,2,5,3.1,2.8,2.9,2.8,3.2,3.1,2.8,2.6,2.7,3.2,64972,60985,68959,,,,54432,30533,78331,,,,31311,26391,36231,60372,58338,62406,37,63,33,,,,,,,,,,,,,,,,,,,99,19,15,23,19,,,,,,,,,,,,,,,,65,13,10,16,,,,,,,,,,,,,,,,,112,8300,13,436,26419,64,63,66,4889,12,11,14,86,35110,84,87,104646,20.1,16.2,1158,1.1,679,0.6,4480,4.3,191,0.2,2781,2.7,93725,89.6,1065,1,1,1,50.5,22710,23.0,
20,55037,Wisconsin,Florence,75.2,72.3,78.2,,,,,,,,,,,,,,,,92,460,354,589,,,,,,,,,,,,,,,,,,,,,,,,,,,,,,,,,,,,,,,,,,,,,,,,,,,,,,13,11,14,14,13,16,13,8,20,,,440,10,235,5,,,,,,,,,,,,,,,,,,,,,,,,,,,,,,,,,,,,,,,33,31,35,223,9,7,10,33,5,3,7,47,2148:1,,,,,,3.5,,,,,3.9,,,,,58270,51168,65372,,,,,,,,,,65764,33355,98173,51888,47725,56051,50,,,,,,,,,,,,,,,,,,,,,,,,,,,,,,,,,,,,,,,,,,,,,,,,,,,,,,,,,,,,,0,300,0,31,1680,86,83,90,172,9,6,12,72,1412,69,76,4295,14.3,27.1,19,0.4,43,1.0,18,0.4,1,0.0,44,1.0,4104,95.6,0,0,0,1,48.5,4423,100.0,
21,55039,Wisconsin,Fond du Lac,80.1,79.6,80.7,,,,103.3,59.8,146.7,,,,89.9,81.2,98.7,80.0,79.4,80.6,1134,291,273,309,,,,,,,593,316,1013,,,,294,276,313,39,44,31,60,,,,,,,,,,,,,,,,43,6,4,8,,,,,,,,,,,,,,,,11,10,12,13,12,14,9,6,12,51,58,7740,8,6926,7,37,12,8,17,,,,,,,,,,,,,,,,65,9,7,12,,,,,,,,,,,,,,,,32,30,33,3820,6,5,7,876,4,3,5,92,1088:1,1020,90,4,2,6,3.1,3.0,2.5,2.7,3.2,3.1,3.0,2.0,2.6,3.2,65905,60890,70920,105398,13935,196861,,,,49196,28293,70099,53514,40798,66230,63169,61720,64618,39,59,42,,,,,,,,,,,,,,,,,,,92,17,14,21,18,,,,,,,,,,,,,,,,44,9,6,12,,,,,,,,,,,,,,,,,140,9100,15,345,29192,70,69,71,3780,9,8,10,82,33866,81,83,103403,21.2,19.0,2092,2.0,620,0.6,1915,1.9,76,0.1,5588,5.4,92058,89.0,725,1,0,1,50.8,35703,35.1,
22,55041,Wisconsin,Forest,73.8,71.4,76.2,,,,,,,,,,,,,,,,154,466,383,549,957,659,1344,,,,,,,,,,387,303,470,10,140,67,257,,,,,,,,,,,,,,,,,,,,,,,,,,,,,,,,,,,14,13,16,15,14,16,11,7,17,,,1080,12,1290,14,14,52,28,87,,,,,,,,,,,,,,,,14,22,12,37,,,,,,,,,,,,,,,,35,33,36,616,12,10,14,108,6,4,8,78,1286:1,112,94,,,,2.8,,,,,2.9,,,,,48964,43779,54149,31852,18848,44856,71042,4969,137115,,,,42500,1446,83554,46571,43949,49193,27,,12,,,,,,,,,,,,,,,,,,,,,,,,,,,,,,,,,,,,,,,,,,,,,,,,,,,,,,,,,,,39,600,65,42,3053,76,74,78,391,11,8,13,71,2865,69,74,9004,19.7,23.1,114,1.3,1388,15.4,31,0.3,12,0.1,238,2.6,7060,78.4,29,0,0,1,49.4,9304,100.0,
23,55043,Wisconsin,Grant,79.9,79.1,80.6,,,,,,,,,,,,,,,,522,288,262,314,,,,,,,,,,,,,,,,22,51,32,78,,,,,,,,,,,,,,,,23,6,4,9,,,,,,,,,,,,,,,,13,11,14,14,12,15,10,6,15,15,34,4430,9,2027,4,10,6,3,12,,,,,,,,,,,,,,,,40,11,8,15,,,,,,,,,,,,,,,,33,31,35,2536,9,8,10,780,7,5,9,82,1225:1,512,95,7,3,10,3.2,,,3.1,3.2,3.2,,,3.0,3.2,56418,51921,60915,83639,83400,83878,59063,7891,110235,,,,47875,17359,78391,54822,53221,56423,42,67,37,,,,,,,,,,,,,,,,,,,37,14,10,19,14,,,,,,,,,,,,,,,,30,12,8,17,,,,,,,,,,,,,,,,,90,4300,21,118,13779,70,69,71,2012,11,9,12,79,15395,77,80,51439,20.7,17.7,740,1.4,141,0.3,487,0.9,13,0.0,933,1.8,48803,94.9,128,0,0,0,48.1,33023,64.5,
24,55045,Wisconsin,Green,80.6,79.7,81.5,,,,,,,,,,,,,,,,375,259,231,287,,,,,,,,,,,,,,,,18,55,32,86,,,,,,,,,,,,,,,,,,,,,,,,,,,,,,,,,,,11,10,13,13,11,14,9,5,13,,,2640,7,1773,5,10,9,4,17,,,,,,,,,,,,,,,,38,15,10,20,,,,,,,,,,,,,,,,33,32,35,1318,6,5,7,331,4,3,5,97,1027:1,389,94,,,,3.1,,,2.7,3.2,3.1,,,2.7,3.2,64319,60017,68621,,,,127875,48566,207184,33155,21287,45023,46786,13667,79905,64739,62227,67251,35,,22,,,,,,,,,,,,,,,,,,,25,13,8,20,14,,,,,,,,,,,,,,,,12,6,3,11,,,,,,,,,,,,,,,,,81,3600,23,147,11300,75,74,77,1307,9,8,10,79,11851,77,80,36960,22.1,19.3,271,0.7,146,0.4,248,0.7,23,0.1,1158,3.1,34773,94.1,234,1,0,1,50.3,22185,60.2,
25,55047,Wisconsin,Green Lake,77.9,76.6,79.2,,,,,,,,,,,,,,,,267,346,300,392,,,,,,,,,,,,,,,,,,,,,,,,,,,,,,,,,,,,,,,,,,,,,,,,,,,,,,13,11,14,14,12,15,9,5,13,7,44,1640,9,1277,7,,,,,,,,,,,,,,,,,,,,17,13,8,21,,,,,,,,,,,,,,,,32,31,34,1075,10,9,12,348,8,6,10,53,1891:1,237,90,,,,3.2,,,,,3.0,,,,,59458,53695,65221,,,,,,,,,,64737,50677,78797,54505,52684,56326,40,,34,,,,,,,,,,,,,,,,,,,11,12,6,23,12,,,,,,,,,,,,,,,,,,,,,,,,,,,,,,,,,,,,24,1700,14,26,6073,76,75,77,799,10,8,12,74,5907,72,76,18913,21.9,22.8,176,0.9,113,0.6,141,0.7,7,0.0,979,5.2,17349,91.7,230,1,1,2,49.7,14160,74.3,
26,55049,Wisconsin,Iowa,81.5,80.4,82.6,,,,,,,,,,,,,,,,240,245,212,278,,,,,,,,,,,,,,,,,,,,,,,,,,,,,,,,,,,,,,,,,,,,,,,,,,,,,,11,10,12,13,11,14,14,8,21,11,55,1740,7,1355,6,,,,,,,,,,,,,,,,,,,,26,16,10,23,,,,,,,,,,,,,,,,32,30,34,818,6,5,7,225,4,3,5,55,1821:1,258,96,,,,3.3,,,,,3.4,,,,,67390,59900,74880,,,,113088,72702,153474,,,,80875,49602,112148,63975,60946,67004,33,,15,,,,,,,,,,,,,,,,,,,14,13,7,22,12,,,,,,,,,,,,,,,,,,,,,,,,,,,,,,,,,,,,40,2300,17,45,7274,74,72,75,914,10,8,11,81,7993,79,83,23678,22.3,19.5,171,0.7,61,0.3,191,0.8,15,0.1,476,2.0,22513,95.1,64,0,0,1,49.7,18931,79.9,
27,55051,Wisconsin,Iron,78.5,75.7,81.2,,,,,,,,,,,,,,,,95,364,279,466,,,,,,,,,,,,,,,,,,,,,,,,,,,,,,,,,,,,,,,,,,,,,,,,,,,,,,13,11,14,14,13,16,10,6,16,,,710,12,348,6,,,,,,,,,,,,,,,,,,,,10,25,12,46,,,,,,,,,,,,,,,,34,32,35,265,9,7,10,42,5,3,6,35,2844:1,,,,,,,,,,,,,,,,48813,43891,53735,40667,19295,62039,,,,,,,30833,28589,33077,44471,40825,48117,50,,5,,,,,,,,,,,,,,,,,,,,,,,,,,,,,,,,,,,,,,,,,,,,,,,,,,,,,,,,,,,1-4,400,,105,2247,78,70,85,341,12,10,15,75,2186,73,78,5687,15.1,32.1,10,0.2,89,1.6,21,0.4,0,0.0,79,1.4,5405,95.0,0,0,0,1,49.6,4011,67.8,
28,55053,Wisconsin,Jackson,77.7,76.4,79.1,,,,,,,,,,,,,,,,303,388,341,434,987,688,1373,,,,,,,,,,361,314,408,11,61,30,109,,,,,,,,,,,,,,,,,,,,,,,,,,,,,,,,,,,13,12,15,14,13,16,13,6,24,5,29,1880,9,2668,13,12,19,10,34,,,,,,,,,,,,,,,,26,18,12,26,,,,,,,,,,,,,,,,34,32,35,1221,11,10,13,291,6,5,8,53,1877:1,221,94,10,5,16,2.8,,,,,2.6,,,,,57247,51590,62904,41587,34600,48574,91250,39143,143357,,,,46786,26917,66655,54441,50853,58029,47,,39,,,,,,,,,,,,,,,,,,,24,22,14,33,23,,,,,,,,,,,,,,,,18,18,10,28,,,,,,,,,,,,,,,,,37,1800,21,111,6059,74,71,76,794,10,8,12,75,6147,73,77,20643,21.8,19.3,432,2.1,1409,6.8,97,0.5,21,0.1,755,3.7,17727,85.9,164,1,0,1,46.5,14772,72.2,
29,55055,Wisconsin,Jefferson,79.9,79.2,80.5,,,,,,,,,,101.0,69.9,132.1,79.8,79.2,80.4,957,299,279,319,,,,,,,,,,175,102,280,302,281,323,30,42,28,59,,,,,,,,,,,,,,,,26,4,3,6,,,,,,,,,,,,,,,,11,10,13,13,11,14,8,5,11,29,40,6410,8,1586,2,52,20,15,27,,,,,,,,,,,,,,,,73,12,10,15,,,,,,,,,,,,,,,,32,31,34,3862,8,6,9,675,4,3,5,44,2291:1,1070,94,4,2,6,3.0,,,2.6,3.1,3.1,,,2.7,3.2,71098,65398,76798,25875,18352,33398,,,,51518,27087,75949,42073,29284,54862,68032,65673,70391,37,55,25,,,,,,,,,,,,,,,,,,,67,16,12,20,16,,,,,,,,,,,,,,,,39,9,7,13,,,,,,,,,,,,,,,,,47,7700,6,238,23126,70,69,72,3101,10,8,11,83,27342,81,84,84769,20.8,17.7,839,1.0,433,0.5,816,1.0,33,0.0,6225,7.3,75659,89.3,702,1,1,1,50.0,28496,34.1,
30,55057,Wisconsin,Juneau,78.2,77.1,79.3,,,,,,,,,,,,,,,,418,385,345,424,,,,,,,,,,,,,,,,,,,,,,,,,,,,,,,,,,,,,,,,,,,,,,,,,,,,,,14,12,15,14,13,16,9,6,13,13,57,2780,11,2246,8,12,15,8,26,,,,,,,,,,,,,,,,29,16,10,22,,,,,,,,,,,,,,,,34,32,35,1338,9,8,10,280,5,4,7,112,890:1,300,92,,,,3.0,,,,,2.8,,,,,55787,51790,59784,51875,13623,90127,76607,38323,114891,41115,36577,45653,48250,40160,56340,53941,51998,55884,54,45,30,,,,,,,,,,,,,,,,,,,26,18,12,28,20,,,,,,,,,,,,,,,,15,11,6,19,,,,,,,,,,,,,,,,,23,2100,11,80,8197,76,76,77,1129,11,9,12,76,8208,74,79,26687,20.0,20.8,645,2.4,423,1.6,164,0.6,17,0.1,847,3.2,24385,91.4,117,0,0,1,46.7,22263,83.5,
31,55059,Wisconsin,Kenosha,78.2,77.8,78.6,,,,85.6,81.4,89.7,71.1,69.3,73.0,83.9,81.2,86.6,78.3,77.8,78.8,2011,348,332,363,,,,,,,649,552,746,228,181,276,344,327,361,76,49,39,61,,,,,,,128,81,193,33,17,59,40,28,54,81,6,5,8,,,,,,,17,11,25,,,,4,3,6,12,11,13,13,12,14,8,6,11,161,113,15940,10,11309,7,122,24,20,28,,,,,,,33,18,57,,,,26,21,31,109,9,8,11,,,,,,,,,,,,,,,,36,34,37,8550,8,7,9,1354,3,2,4,77,1294:1,2271,90,7,5,9,3.0,3.6,2.3,2.7,3.3,3.0,3.5,2.2,2.6,3.3,66460,61332,71588,37109,4154,70064,60156,46959,73353,33462,26505,40419,55067,50616,59518,68194,66257,70131,45,51,42,4,3,5,,,,,,,13,7,23,,,,3,2,4,124,14,11,16,15,,,,,,,,,,11,5,19,15,12,18,84,10,8,12,,,,,,,,,,,,,,,,,280,16000,18,470,42370,66,65,67,8365,13,12,14,85,54296,84,86,169561,22.4,14.6,11633,6.9,1278,0.8,2985,1.8,170,0.1,22817,13.5,127834,75.4,2499,2,1,2,50.5,17846,10.7,
32,55061,Wisconsin,Kewaunee,81.4,80.1,82.6,,,,,,,,,,,,,,,,209,264,225,302,,,,,,,,,,,,,,,,,,,,,,,,,,,,,,,,,,,,,,,,,,,,,,,,,,,,,,11,10,13,13,12,15,9,5,15,8,46,1510,7,32,0,,,,,,,,,,,,,,,,,,,,10,7,3,13,,,,,,,,,,,,,,,,32,31,34,849,7,6,8,182,4,3,5,64,1572:1,305,93,,,,3.2,,,2.6,3.3,3.3,,,2.3,3.4,65879,60339,71419,,,,,,,69063,44222,93904,52228,32200,72256,66000,62387,69613,29,42,11,,,,,,,,,,,,,,,,,,,14,15,8,26,14,,,,,,,,,,,,,,,,11,11,5,19,,,,,,,,,,,,,,,,,45,1800,25,2,6615,79,78,81,651,8,6,10,78,6499,76,80,20434,21.5,20.9,105,0.5,112,0.5,93,0.5,10,0.0,692,3.4,19238,94.1,155,1,0,1,49.2,14882,72.3,
33,55063,Wisconsin,La Crosse,79.9,79.4,80.4,,,,83.5,78.6,88.4,67.1,62.2,72.0,96.2,72.0,120.4,80.0,79.5,80.5,1183,297,279,314,,,,252,158,381,879,601,1240,,,,290,272,308,37,39,28,54,,,,,,,,,,,,,,,,39,5,3,6,,,,,,,,,,,,,,,,11,10,12,13,11,14,7,5,9,70,69,9860,8,6510,6,69,19,15,25,,,,,,,,,,,,,,,,56,7,5,9,,,,,,,,,,,,,,,,30,28,31,3837,5,5,6,713,3,2,4,229,437:1,1155,93,4,2,7,3.2,2.9,2.2,3.0,3.4,3.1,2.6,2.0,2.9,3.3,59758,55338,64178,,,,61250,53710,68790,31612,17281,45943,36639,25642,47636,59354,56858,61850,35,60,27,2,1,3,,,,,,,,,,,,,,,,106,18,14,21,18,,,,,,,,,,,,,,,,46,8,6,10,,,,,,,,,,,,,,,,,75,9600,8,623,29949,63,62,64,5286,11,10,13,84,40096,83,86,118016,19.6,16.9,1789,1.5,583,0.5,5555,4.7,52,0.0,2473,2.1,105678,89.5,1524,1,1,2,51.2,19291,16.8,
34,55065,Wisconsin,Lafayette,81.2,79.7,82.7,,,,,,,,,,,,,,,,186,288,244,332,,,,,,,,,,,,,,,,10,61,29,112,,,,,,,,,,,,,,,,,,,,,,,,,,,,,,,,,,,12,11,14,14,12,15,10,6,17,,,1310,8,723,4,,,,,,,,,,,,,,,,,,,,23,20,12,29,,,,,,,,,,,,,,,,33,31,35,1113,12,10,13,352,8,6,11,36,2778:1,,,,,,3.3,,,3.0,3.4,3.4,,,3.1,3.4,59128,53613,64643,,,,,,,42188,18270,66106,54375,24745,84005,61047,58583,63511,37,,9,,,,,,,,,,,,,,,,,,,13,17,9,30,16,,,,,,,,,,,,,,,,10,12,6,22,,,,,,,,,,,,,,,,,37,1600,23,22,5138,76,75,78,603,9,8,11,75,5030,73,77,16665,23.9,19.4,71,0.4,105,0.6,85,0.5,3,0.0,722,4.3,15623,93.7,164,1,0,2,49.4,16836,100.0,
35,55067,Wisconsin,Langlade,79.7,78.4,81.0,,,,,,,,,,,,,,,,252,312,269,354,,,,,,,,,,,,,,,,12,80,41,139,,,,,,,,,,,,,,,,,,,,,,,,,,,,,,,,,,,13,12,14,14,13,16,13,9,18,,,2150,11,2176,11,,,,,,,,,,,,,,,,,,,,24,18,11,26,,,,,,,,,,,,,,,,34,32,35,872,8,7,9,197,5,4,7,104,959:1,255,86,,,,2.8,,,,,2.5,,,,,49597,43224,55970,21157,20329,21985,58654,30127,87181,,,,22500,20037,24963,50936,46948,54924,59,77,37,,,,,,,,,,,,,,,,,,,24,27,17,42,25,,,,,,,,,,,,,,,,13,14,7,23,,,,,,,,,,,,,,,,,131,1500,87,114,6639,77,75,80,769,9,7,11,77,6617,75,79,19189,19.5,24.7,219,1.1,273,1.4,96,0.5,4,0.0,407,2.1,17955,93.6,67,0,0,1,49.6,11819,59.2,
36,55069,Wisconsin,Lincoln,79.2,78.3,80.2,,,,,,,,,,,,,,,,387,323,288,357,,,,,,,,,,,,,,,,,,,,,,,,,,,,,,,,,,,,,,,,,,,,,,,,,,,,,,12,11,13,14,12,15,9,6,12,8,33,2310,8,1089,4,11,13,7,24,,,,,,,,,,,,,,,,38,19,14,27,,,,,,,,,,,,,,,,35,33,37,1063,6,5,8,192,4,3,5,69,1452:1,326,93,9,4,14,2.9,,,,,2.8,,,,,60728,55022,66434,,,,,,,,,,,,,,,,42,,35,,,,,,,,,,,,,,,,,,,24,15,9,24,17,,,,,,,,,,,,,,,,16,12,7,19,,,,,,,,,,,,,,,,,26,2100,12,123,9858,78,76,80,1031,8,7,10,78,9844,76,80,27593,18.2,22.2,232,0.8,155,0.6,161,0.6,10,0.0,466,1.7,26262,95.2,45,0,0,0,49.3,15535,54.0,
37,55071,Wisconsin,Manitowoc,78.9,78.2,79.5,,,,78.9,74.6,83.3,,,,91.0,71.7,110.2,78.8,78.1,79.5,1018,328,306,350,,,,,,,,,,,,,,,,38,58,41,80,,,,,,,,,,,,,,,,28,5,3,7,,,,,,,,,,,,,,,,12,11,13,13,12,14,10,7,14,23,34,6640,8,4341,5,37,16,11,21,,,,,,,,,,,,,,,,60,11,8,14,,,,,,,,,,,,,,,,33,32,35,3415,7,6,8,694,4,3,5,81,1234:1,839,89,5,3,8,3.0,2.7,2.5,2.7,3.2,3.0,2.5,2.2,2.6,3.1,61326,56983,65669,,,,51607,34833,68381,27879,10806,44952,40974,37994,43954,57835,55849,59821,35,73,44,3,2,5,,,,,,,,,,,,,,,,87,20,16,25,22,,,,,,,,,,,,,,,,53,13,10,17,,,,,,,,,,,,,,,,,178,6800,26,243,26046,75,74,77,2548,8,7,9,79,27406,78,81,78981,20.4,21.1,823,1.0,620,0.8,2278,2.9,40,0.1,3498,4.4,70914,89.8,1030,1,1,2,50.0,31650,38.9,
38,55073,Wisconsin,Marathon,80.5,80.0,80.9,,,,79.1,76.0,82.1,,,,,,,80.5,80.0,80.9,1336,270,255,285,,,,314,222,431,,,,,,,270,254,286,39,31,22,43,,,,,,,,,,,,,,,,41,4,3,5,,,,,,,,,,,,,,,,11,10,13,13,11,14,9,7,12,48,42,10500,8,7608,6,45,11,8,15,,,,,,,,,,,,,,,,86,9,7,11,,,,,,,,,,,,,,,,34,33,36,5619,7,6,8,1256,4,3,5,135,741:1,1493,93,6,4,8,3.1,2.8,2.7,2.8,3.3,3.1,2.7,2.5,2.7,3.3,66092,62746,69438,,,,80918,68872,92964,45392,20011,70773,33886,25457,42315,63201,61862,64540,36,69,36,1,1,2,,,,,,,,,,,,,,,,104,16,13,19,15,,,,,,,,,,,,,,,,64,9,7,12,,,,,,,,,,,,,,,,,225,12600,18,318,40048,72,71,73,4550,8,8,9,83,45834,82,83,135692,22.6,18.2,1122,0.8,772,0.6,8210,6.1,72,0.1,4052,3.0,119738,88.2,1669,1,,,49.8,57634,43.0,
39,55075,Wisconsin,Marinette,77.8,76.9,78.7,,,,,,,,,,,,,,,,660,371,339,402,,,,,,,,,,,,,,,,13,42,22,72,,,,,,,,,,,,,,,,,,,,,,,,,,,,,,,,,,,13,12,14,14,13,16,9,6,13,13,37,4400,11,4255,10,17,14,8,22,,,,,,,,,,,,,,,,47,16,12,22,,,,,,,,,,,,,,,,34,32,35,1712,7,6,9,312,4,3,5,104,961:1,447,91,,,,3.0,,,,,3.0,,,,,54404,48663,60145,42604,9532,75676,84625,48226,121024,,,,50469,16395,84543,50124,48201,52047,46,63,25,,,,,,,,,,,,,,,,,,,40,18,12,25,20,,,,,,,,,,,,,,,,22,11,7,16,,,,,,,,,,,,,,,,,36,3300,11,145,13800,75,73,76,1824,10,9,12,78,14459,76,80,40350,18.9,24.5,249,0.6,307,0.8,216,0.5,14,0.0,798,2.0,38321,95.0,47,0,0,0,49.7,25813,61.8,
40,55077,Wisconsin,Marquette,78.3,76.8,79.7,,,,,,,,,,,,,,,,260,366,315,417,,,,,,,,,,,,,,,,,,,,,,,,,,,,,,,,,,,,,,,,,,,,,,,,,,,,,,13,11,14,14,13,16,14,8,21,12,90,1450,10,53,0,17,37,21,59,,,,,,,,,,,,,,,,24,22,14,33,,,,,,,,,,,,,,,,34,33,36,779,9,8,10,195,6,5,8,13,7787:1,149,93,,,,3.0,,,,,3.2,,,,,56790,51596,61984,,,,,,,,,,47188,37019,57357,52985,50453,55517,50,,5,,,,,,,,,,,,,,,,,,,17,22,12,37,22,,,,,,,,,,,,,,,,12,16,8,27,,,,,,,,,,,,,,,,,22,1200,18,42,5412,81,81,82,645,10,9,11,77,5127,75,79,15574,19.2,25.1,101,0.6,140,0.9,111,0.7,6,0.0,577,3.7,14494,93.1,69,0,0,1,49.2,15404,100.0,
41,55078,Wisconsin,Menominee,71.5,67.8,75.3,,,,,,,,,,,,,,,,102,733,583,883,,,,,,,,,,,,,,,,,,,,,,,,,,,,,,,,,,,,,,,,,,,,,,,,,,,,,,20,19,22,19,17,20,15,11,21,6,172,800,18,458,11,,,,,,,,,,,,,,,,,,,,14,44,24,74,,,,,,,,,,,,,,,,41,39,42,272,11,9,13,58,4,2,5,66,1519:1,75,73,,,,2.0,,,,,1.8,,,,,40300,34850,45750,34792,25559,44025,,,,,,,,,,62750,21963,103537,89,,20,,,,,,,,,,,,,,,,,,,,,,,,,,,,,,,,,,,,,,,,,,,,,,,,,,,,,,,,,,,,600,,0,958,68,63,73,145,11,6,16,73,1022,68,77,4556,33.3,14.0,43,0.9,3735,82.0,79,1.7,0,0.0,305,6.7,530,11.6,0,0,0,1,50.2,4232,100.0,
42,55079,Wisconsin,Milwaukee,76.9,76.7,77.1,75.2,72.4,78.0,83.5,81.8,85.3,71.7,71.2,72.1,82.5,81.5,83.5,78.6,78.3,78.8,12677,422,415,430,532,426,638,252,219,285,661,641,680,281,261,301,360,351,369,661,72,67,78,,,,54,36,79,128,115,140,46,37,56,37,30,44,822,9,8,9,,,,9,6,12,18,16,19,5,4,6,4,3,5,14,13,16,14,13,15,10,9,11,2144,274,119940,13,23908,3,1112,39,37,41,84,49,134,,,,40,35,44,25,20,29,46,42,49,615,9,8,10,,,,4,2,8,16,14,18,7,5,9,7,6,8,36,35,37,58536,10,9,11,7148,3,3,4,203,492:1,10155,78,7,6,8,2.5,2.9,1.8,2.3,3.3,2.4,2.9,1.8,2.3,3.3,53505,51371,55639,43727,33944,53510,59343,54669,64017,30873,30004,31742,40902,39440,42364,63478,62676,64280,59,76,60,13,13,14,,,,5,3,9,39,36,41,8,7,10,3,2,3,590,12,11,13,12,,,,5,3,9,7,5,8,6,5,9,16,15,18,843,18,17,19,,,,7,4,12,41,38,45,8,6,10,9,8,10,,1023,86500,12,1821,189054,49,49,50,65624,18,17,18,78,299956,78,79,945726,23.8,14.0,248335,26.3,9295,1.0,44089,4.7,431,0.0,147611,15.6,478761,50.6,28957,3,3,3,51.6,1820,0.2,
43,55081,Wisconsin,Monroe,78.5,77.7,79.3,,,,,,,,,,86.1,75.1,97.1,78.6,77.7,79.4,591,351,322,381,,,,,,,,,,,,,,,,26,56,37,82,,,,,,,,,,,,,,,,31,7,5,10,,,,,,,,,,,,,,,,12,11,14,14,12,15,12,8,18,13,35,4280,9,3242,7,30,22,15,31,,,,,,,,,,,,,,,,37,12,8,16,,,,,,,,,,,,,,,,33,32,35,2456,9,8,11,790,7,5,9,102,984:1,552,94,9,5,12,3.1,,,3.0,3.2,3.0,,,2.8,3.1,60296,56368,64224,48750,26871,70629,51791,13172,90410,76435,43375,109495,65750,55159,76341,59645,56980,62310,45,55,20,,,,,,,,,,,,,,,,,,,33,15,10,21,14,,,,,,,,,,,,,,,,27,12,8,17,,,,,,,,,,,,,,,,,64,4600,14,177,12487,70,68,71,1571,9,8,10,78,14019,77,80,46253,25.2,17.5,741,1.6,680,1.5,422,0.9,54,0.1,2265,4.9,41595,89.9,457,1,1,1,49.3,25764,57.7,
44,55083,Wisconsin,Oconto,79.4,78.5,80.3,,,,,,,,,,,,,,,,491,302,273,331,,,,,,,,,,,,,,,,13,42,23,73,,,,,,,,,,,,,,,,,,,,,,,,,,,,,,,,,,,12,11,14,14,12,15,17,10,26,,,3060,8,1381,4,,,,,,,,,,,,,,,,,,,,40,15,11,21,,,,,,,,,,,,,,,,33,31,35,1742,8,7,9,350,4,3,6,71,1405:1,300,89,4,1,7,3.1,,,,,3.2,,,,,66401,63394,69408,48077,12966,83188,,,,26007,20213,31801,52721,44649,60793,61533,58882,64184,38,49,22,,,,,,,,,,,,,,,,,,,33,17,12,25,18,,,,,,,,,,,,,,,,21,11,7,17,,,,,,,,,,,,,,,,,36,3300,11,21,13263,83,82,84,1245,8,7,9,80,12771,79,80,37930,20.1,20.9,159,0.4,606,1.6,192,0.5,10,0.0,726,1.9,35876,94.6,127,0,0,1,48.7,30634,81.3,
45,55085,Wisconsin,Oneida,78.8,77.8,79.7,,,,,,,,,,,,,,,,513,321,289,353,,,,,,,,,,,,,,,,15,62,35,102,,,,,,,,,,,,,,,,,,,,,,,,,,,,,,,,,,,11,10,12,13,11,14,9,7,12,10,32,2870,8,1101,3,,,,,,,,,,,,,,,,,,,,25,10,7,15,,,,,,,,,,,,,,,,31,29,32,1390,7,6,8,264,4,3,5,228,439:1,405,94,,,,3.1,,,,,3.0,,,,,62765,58387,67143,,,,65809,39994,91624,,,,41875,18796,64954,57284,54721,59847,46,66,47,,,,,,,,,,,,,,,,,,,36,17,12,25,20,,,,,,,,,,,,,,,,20,11,7,17,,,,,,,,,,,,,,,,,84,2400,35,131,12831,83,83,83,1439,10,8,11,82,12611,81,83,35595,17.1,26.7,227,0.6,431,1.2,214,0.6,12,0.0,590,1.7,33653,94.5,60,0,0,0,49.8,26988,75.0,
46,55087,Wisconsin,Outagamie,80.0,79.7,80.4,72.3,68.9,75.7,79.7,75.5,84.0,76.2,67.7,84.8,86.0,79.3,92.8,80.3,79.9,80.7,1760,272,259,285,620,471,802,349,256,464,644,421,944,190,124,278,262,249,275,79,45,36,56,,,,110,53,202,,,,,,,39,30,51,88,6,4,7,,,,,,,,,,,,,,,,11,10,12,12,11,14,12,9,15,83,53,13590,7,4318,2,52,9,7,12,,,,,,,,,,,,,,,,117,9,7,11,,,,,,,,,,,,,,,,33,31,34,8152,7,6,8,1746,4,3,5,120,831:1,2795,92,4,2,6,3.1,2.5,2.3,2.5,3.2,3.1,2.5,2.1,2.4,3.3,66994,63763,70225,53091,45698,60484,71011,66626,75396,53514,26791,80237,47953,41422,54484,66775,65108,68442,29,59,37,2,1,3,,,,,,,,,,,,,,,,147,16,13,18,16,,,,,,,,,,,,,,,,86,9,7,11,,,,,,,,,,,,,,,,,454,17700,26,422,52389,71,70,72,5833,8,7,9,86,63615,86,87,187885,23.3,15.3,2652,1.4,3578,1.9,6911,3.7,142,0.1,8571,4.6,163644,87.1,1492,1,1,1,50.0,43712,24.7,
47,55089,Wisconsin,Ozaukee,82.1,81.6,82.7,,,,,,,,,,93.4,76.2,110.6,82.1,81.5,82.6,749,213,197,230,,,,,,,,,,,,,,,,18,24,14,37,,,,,,,,,,,,,,,,24,4,3,6,,,,,,,,,,,,,,,,9,8,10,11,9,12,8,5,11,19,25,4720,5,3640,4,30,11,8,16,,,,,,,,,,,,,,,,40,6,5,9,,,,,,,,,,,,,,,,30,28,32,2328,5,4,5,596,3,2,4,111,901:1,1069,98,4,1,6,3.6,4.1,2.9,3.2,3.6,3.6,4.3,2.9,3.3,3.6,90446,83593,97299,61786,43601,79971,121806,73284,170328,152667,37014,268320,83860,60933,106787,84962,82498,87426,15,48,23,,,,,,,,,,,,,,,,,,,50,11,8,15,11,,,,,,,,,,,,,,,,29,7,4,9,,,,,,,,,,,,,,,,,46,8000,6,249,27162,76,75,77,3696,11,9,12,88,31609,87,89,89221,21.2,20.4,1470,1.6,287,0.3,2311,2.6,28,0.0,2789,3.1,81203,91.0,361,0,0,1,50.8,21501,24.9,
48,55091,Wisconsin,Pepin,82.9,80.5,85.3,,,,,,,,,,,,,,,,84,286,223,361,,,,,,,,,,,,,,,,,,,,,,,,,,,,,,,,,,,,,,,,,,,,,,,,,,,,,,13,11,14,14,12,15,8,4,16,,,640,9,,,,,,,,,,,,,,,,,,,,,,,,,,,,,,,,,,,,,,,,,32,30,34,357,9,7,10,98,6,4,8,55,1822:1,86,95,,,,3.1,,,,,3.3,,,,,62675,55627,69723,,,,,,,,,,40000,11945,68055,54479,50447,58511,34,,,,,,,,,,,,,,,,,,,,,,,,,,,,,,,,,,,,,,,,,,,,,,,,,,,,,,,,,,,,,5,600,8,60,2450,80,77,83,268,9,7,11,81,2478,80,82,7287,20.8,23.5,25,0.3,28,0.4,28,0.4,2,0.0,159,2.2,6991,95.9,42,1,0,1,49.3,7469,100.0,
49,55093,Wisconsin,Pierce,81.4,80.6,82.2,,,,,,,,,,,,,,,,336,225,200,250,,,,,,,,,,,,,,,,17,49,28,78,,,,,,,,,,,,,,,,,,,,,,,,,,,,,,,,,,,11,10,12,13,11,14,8,4,12,10,27,2940,7,1908,5,,,,,,,,,,,,,,,,,,,,31,11,7,15,,,,,,,,,,,,,,,,31,29,32,1526,6,5,7,360,4,3,5,23,4275:1,540,92,,,,3.1,,,,,3.2,,,2.6,3.3,75368,69073,81663,63750,2088,125412,,,,,,,56875,16237,97513,72843,68694,76992,23,45,32,,,,,,,,,,,,,,,,,,,20,11,7,17,10,,,,,,,,,,,,,,,,15,7,4,12,,,,,,,,,,,,,,,,,15,3800,4,152,11260,72,71,74,1496,10,8,12,83,12987,82,85,42754,20.6,15.3,350,0.8,233,0.5,503,1.2,18,0.0,996,2.3,40088,93.8,357,1,0,1,50.2,22006,53.6,
50,55095,Wisconsin,Polk,78.8,78.0,79.7,,,,,,,,,,,,,,,,553,313,284,341,,,,,,,,,,,,,,,,21,57,35,88,,,,,,,,,,,,,,,,,,,,,,,,,,,,,,,,,,,12,11,13,13,12,15,13,9,19,,,3760,9,320,1,,,,,,,,,,,,,,,,,,,,53,17,13,23,,,,,,,,,,,,,,,,32,30,34,2128,8,7,10,432,5,3,6,59,1684:1,546,97,6,3,9,3.1,,,2.7,3.2,3.2,,,2.6,3.2,63910,59921,67899,24630,10568,38692,55000,12428,97572,,,,77273,51465,103081,60108,58566,61650,40,,23,,,,,,,,,,,,,,,,,,,49,24,17,32,23,,,,,,,,,,,,,,,,30,14,9,20,,,,,,,,,,,,,,,,,25,3900,6,30,14556,79,77,80,1826,10,9,11,76,14111,75,78,43783,20.6,21.3,181,0.4,493,1.1,277,0.6,8,0.0,845,1.9,41551,94.9,114,0,0,0,49.6,37780,85.5,
51,55097,Wisconsin,Portage,81.6,81.0,82.3,,,,80.8,75.3,86.2,,,,,,,81.5,80.9,82.2,565,227,208,247,,,,,,,,,,,,,,,,17,31,18,50,,,,,,,,,,,,,,,,,,,,,,,,,,,,,,,,,,,12,10,13,13,11,14,8,5,11,27,44,5750,8,3709,5,20,9,6,15,,,,,,,,,,,,,,,,27,5,4,8,,,,,,,,,,,,,,,,32,30,34,2961,7,6,8,469,3,2,4,133,753:1,714,94,,,,3.1,2.5,,2.6,3.2,3.1,2.5,,2.4,3.2,58248,53671,62825,63804,18824,108784,66011,40395,91627,40946,23480,58412,55197,46113,64281,59243,57017,61469,33,67,29,,,,,,,,,,,,,,,,,,,49,13,10,18,14,,,,,,,,,,,,,,,,26,7,5,11,,,,,,,,,,,,,,,,,101,5500,18,295,19794,69,68,70,3101,11,10,12,85,24498,84,87,70772,19.0,17.3,634,0.9,352,0.5,2218,3.1,28,0.0,2401,3.4,64314,90.9,480,1,0,1,49.5,25229,36.0,
52,55099,Wisconsin,Price,79.1,77.6,80.6,,,,,,,,,,,,,,,,190,300,250,350,,,,,,,,,,,,,,,,,,,,,,,,,,,,,,,,,,,,,,,,,,,,,,,,,,,,,,13,11,14,14,12,15,9,6,12,,,1330,10,610,4,,,,,,,,,,,,,,,,,,,,14,15,8,25,,,,,,,,,,,,,,,,34,32,35,583,8,7,9,134,5,4,7,105,954:1,163,96,,,,3.0,,,,,3.0,,,,,48761,45452,52070,58125,57728,58522,,,,,,,35417,1389,69445,48364,46562,50166,50,,26,,,,,,,,,,,,,,,,,,,15,19,10,33,22,,,,,,,,,,,,,,,,11,16,8,29,,,,,,,,,,,,,,,,,37,1100,34,68,5206,78,65,91,722,11,9,13,74,4940,68,80,13351,17.9,26.5,91,0.7,110,0.8,96,0.7,126,0.9,256,1.9,12505,93.7,15,0,0,1,48.9,14159,100.0,
53,55101,Wisconsin,Racine,78.3,77.9,78.7,,,,85.0,80.3,89.6,71.5,70.1,73.0,80.2,78.5,81.9,79.2,78.7,79.6,2479,345,331,360,,,,,,,681,614,747,287,241,334,315,300,331,117,64,53,76,,,,,,,155,114,206,49,29,76,46,34,61,139,8,7,10,,,,,,,22,17,29,7,4,10,5,4,7,12,11,13,13,12,14,10,8,13,184,112,18030,9,16268,8,116,20,16,23,,,,,,,32,20,48,,,,20,16,25,143,10,9,12,,,,,,,15,9,22,,,,11,9,13,34,33,36,9005,8,7,9,1583,3,3,4,75,1326:1,2290,82,8,6,10,2.7,3.9,2.1,2.3,3.1,2.7,4.1,2.0,2.4,3.1,61691,57903,65479,75136,63671,86601,103264,54536,151992,25751,23000,28502,46911,41122,52700,70589,68213,72965,48,53,48,2,2,3,,,,,,,9,5,14,,,,1,1,2,152,15,13,18,16,,,,,,,,,,9,5,17,17,14,21,93,9,8,12,,,,,,,14,8,22,,,,10,8,12,,322,18100,18,474,52019,68,66,69,9676,13,12,14,84,64440,83,85,196311,22.9,17.1,22103,11.3,1370,0.7,2600,1.3,158,0.1,26754,13.6,140102,71.4,2405,1,1,2,50.4,23992,12.3,
54,55103,Wisconsin,Richland,80.4,79.1,81.7,,,,,,,,,,,,,,,,203,283,240,326,,,,,,,,,,,,,,,,,,,,,,,,,,,,,,,,,,,,,,,,,,,,,,,,,,,,,,13,11,14,14,13,16,8,5,14,,,1640,9,1390,8,10,19,9,35,,,,,,,,,,,,,,,,24,20,13,29,,,,,,,,,,,,,,,,33,32,35,876,9,8,11,260,7,5,9,64,1568:1,127,86,13,6,21,2.7,,,,,2.6,,,,,51295,47049,55541,,,,11434,11041,11827,,,,42955,28650,57260,53150,50046,56254,52,,27,,,,,,,,,,,,,,,,,,,10,12,6,23,11,,,,,,,,,,,,,,,,,,,,,,,,,,,,,,,,,,,,16,1600,10,124,5633,75,73,77,770,11,8,13,73,5472,70,75,17252,21.7,23.6,146,0.8,86,0.5,142,0.8,10,0.1,435,2.5,16287,94.4,121,1,0,1,49.5,13000,72.1,
55,55105,Wisconsin,Rock,78.2,77.8,78.6,,,,98.8,68.7,128.9,72.8,70.6,75.1,91.1,83.8,98.3,78.2,77.7,78.6,2055,356,340,372,,,,,,,573,473,673,172,124,234,356,339,373,77,51,40,64,,,,,,,124,72,199,43,21,79,44,33,58,76,6,4,7,,,,,,,21,14,31,,,,4,3,6,12,11,14,14,12,15,12,9,15,96,70,15950,10,16926,11,139,28,24,33,,,,,,,57,33,93,,,,29,24,34,117,10,8,12,,,,,,,16,7,29,,,,10,8,13,32,30,33,8190,8,7,10,1418,4,3,5,73,1373:1,2202,90,6,4,8,3.0,3.4,2.3,2.7,3.1,3.0,3.3,2.1,2.6,3.2,61624,58004,65244,42337,12432,72242,74750,59798,89702,29375,20886,37864,46295,43340,49250,60385,58568,62202,47,56,46,3,2,4,,,,,,,25,14,40,,,,2,1,3,144,18,15,21,18,,,,,,,,,,,,,,,,80,10,8,12,,,,,,,,,,,,,,,,,512,15500,33,351,44254,68,67,69,7104,11,10,12,80,51890,79,81,163354,22.9,17.1,7991,4.9,934,0.6,2181,1.3,104,0.1,14936,9.1,134440,82.3,1830,1,1,1,50.7,32734,20.4,
56,55107,Wisconsin,Rusk,78.9,77.5,80.4,,,,,,,,,,,,,,,,234,363,311,415,,,,,,,,,,,,,,,,,,,,,,,,,,,,,,,,,,,,,,,,,,,,,,,,,,,,,,14,13,16,15,13,17,9,5,15,,,1570,11,2122,14,,,,,,,,,,,,,,,,,,,,19,19,12,30,,,,,,,,,,,,,,,,34,33,36,738,9,8,11,190,7,4,9,56,1772:1,150,91,,,,2.9,,,,,2.9,,,,,49860,45301,54419,,,,,,,,,,50063,33548,66578,47784,45115,50453,56,,7,,,,,,,,,,,,,,,,,,,14,19,9,33,20,,,,,,,,,,,,,,,,11,16,8,28,,,,,,,,,,,,,,,,,6,1200,5,52,5046,79,78,81,656,11,9,12,73,4623,70,75,14178,20.3,24.8,178,1.3,97,0.7,49,0.3,3,0.0,280,2.0,13380,94.4,45,0,0,1,49.1,11306,76.6,
57,55109,Wisconsin,St. Croix,81.0,80.4,81.5,,,,,,,,,,,,,,,,726,233,216,251,,,,,,,,,,,,,,,,34,38,26,53,,,,,,,,,,,,,,,,33,5,3,6,,,,,,,,,,,,,,,,10,9,11,11,10,13,8,5,12,21,28,4840,6,1802,2,26,10,6,14,,,,,,,,,,,,,,,,52,8,6,11,,,,,,,,,,,,,,,,32,30,34,2792,5,4,6,665,3,2,4,41,2451:1,1086,96,2,1,4,3.3,,,2.9,3.4,3.5,,,3.1,3.5,87098,80523,93673,77917,45989,109845,135938,78353,193523,49353,20029,78677,48000,36749,59251,85310,82800,87820,19,43,22,,,,,,,,,,,,,,,,,,,64,15,11,19,14,,,,,,,,,,,,,,,,33,7,5,10,,,,,,,,,,,,,,,,,122,9400,13,163,26243,77,76,78,2796,8,7,9,85,29057,84,86,90687,24.5,14.7,742,0.8,431,0.5,1024,1.1,31,0.0,2377,2.6,84879,93.6,437,1,0,1,50.0,44845,53.2,
58,55111,Wisconsin,Sauk,79.5,78.9,80.2,,,,,,,,,,83.5,76.8,90.2,79.5,78.8,80.1,745,304,281,326,,,,,,,,,,,,,,,,25,43,28,63,,,,,,,,,,,,,,,,30,6,4,8,,,,,,,,,,,,,,,,12,11,13,13,12,15,11,7,15,25,46,5330,8,1201,2,40,21,15,28,,,,,,,,,,,,,,,,49,11,8,14,,,,,,,,,,,,,,,,35,33,37,3084,8,7,9,688,5,3,6,90,1111:1,922,91,7,4,11,3.0,,,2.6,3.1,3.0,,,2.8,3.1,63752,59145,68359,50556,31613,69499,,,,80392,9455,151329,68182,42486,93878,59823,57836,61810,40,64,28,,,,,,,,,,,,,,,,,,,46,15,11,20,14,,,,,,,,,,,,,,,,32,10,7,14,,,,,,,,,,,,,,,,,102,5900,17,194,18063,69,67,70,2821,11,10,12,82,21481,81,83,64442,22.7,19.1,750,1.2,933,1.4,474,0.7,24,0.0,3475,5.4,58278,90.4,625,1,1,1,50.2,28600,46.1,
59,55113,Wisconsin,Sawyer,77.0,75.4,78.6,66.5,62.6,70.5,,,,,,,,,,80.1,78.6,81.5,281,402,346,457,875,681,1107,,,,,,,,,,299,249,350,,,,,,,,,,,,,,,,,,,,,,,,,,,,,,,,,,,,,,,14,13,16,15,14,16,13,10,17,5,35,1900,12,1136,7,12,24,13,42,,,,,,,,,,,,,,,,18,16,9,25,,,,,,,,,,,,,,,,35,33,36,1030,12,10,13,234,7,5,9,85,1183:1,181,85,,,,3.2,,,,,3.1,,,,,53908,47810,60006,28194,21453,34935,83750,78051,89449,,,,43167,34877,51457,53454,50879,56029,50,,56,,,,,,,,,,,,,,,,,,,16,22,12,38,19,,,,,,,,,,,,,,,,14,17,9,29,,,,,,,,,,,,,,,,,49,1300,38,28,5769,74,73,75,814,11,9,13,75,5856,68,82,16558,19.2,26.7,106,0.6,2935,17.7,61,0.4,0,0.0,482,2.9,12706,76.7,20,0,0,0,48.8,13941,84.2,
60,55115,Wisconsin,Shawano,78.1,77.3,79.0,68.4,65.4,71.5,,,,,,,,,,78.8,77.9,79.8,569,346,316,377,845,668,1055,,,,,,,,,,318,287,349,22,63,39,95,,,,,,,,,,,,,,,,22,7,5,11,,,,,,,,,,,,,,,,13,12,14,14,13,16,14,9,18,7,20,3380,8,1536,4,19,15,9,24,,,,,,,,,,,,,,,,51,18,13,23,,,,,,,,,,,,,,,,34,32,35,2030,9,8,10,468,5,4,7,81,1239:1,422,92,6,3,9,2.7,,,2.7,2.8,2.6,,,2.6,2.7,58982,54363,63601,50491,36848,64134,,,,61250,60331,62169,43750,21190,66310,57888,55673,60103,48,,54,,,,,,,,,,,,,,,,,,,26,12,8,18,13,,,,,,,,,,,,,,,,13,6,3,11,,,,,,,,,,,,,,,,,227,3700,61,88,13137,77,76,79,1395,8,7,10,78,13238,76,79,40899,21.4,21.6,225,0.6,3524,8.6,204,0.5,21,0.1,1193,2.9,35249,86.2,95,0,0,0,49.6,31207,74.4,
61,55117,Wisconsin,Sheboygan,79.8,79.3,80.2,,,,78.3,75.5,81.1,79.3,68.7,89.9,83.5,75.2,91.8,79.8,79.3,80.4,1225,281,265,298,,,,321,218,455,549,307,905,342,248,459,277,260,295,49,48,35,63,,,,,,,,,,,,,,,,38,4,3,6,,,,,,,,,,,,,,,,11,10,12,12,11,13,7,5,10,44,45,8030,7,2366,2,57,16,12,21,,,,,,,,,,,,,,,,73,9,7,11,,,,,,,,,,,,,,,,34,33,36,4551,7,6,8,984,4,3,5,98,1021:1,1514,92,4,2,6,3.0,2.7,2.2,2.7,3.2,2.9,2.8,2.0,2.5,3.1,62108,57852,66364,,,,75396,66456,84336,28846,5596,52096,51364,46025,56703,61328,59448,63208,35,68,45,,,,,,,,,,,,,,,,,,,87,15,12,18,15,,,,,,,,,,,,,,,,40,7,5,9,,,,,,,,,,,,,,,,,218,10600,21,267,33398,70,69,71,3696,8,7,9,84,40003,83,85,115340,21.9,18.5,2460,2.1,677,0.6,6657,5.8,68,0.1,7715,6.7,96321,83.5,1207,1,1,1,49.6,32671,28.3,
62,55119,Wisconsin,Taylor,81.5,80.2,82.7,,,,,,,,,,,,,,,,204,260,222,298,,,,,,,,,,,,,,,,10,52,25,96,,,,,,,,,,,,,,,,,,,,,,,,,,,,,,,,,,,13,11,14,14,13,16,10,7,15,,,1660,8,1655,8,,,,,,,,,,,,,,,,,,,,18,13,7,20,,,,,,,,,,,,,,,,35,33,37,991,9,7,10,257,5,4,7,103,969:1,259,93,,,,3.2,,,,,3.3,,,,,52419,49009,55829,52188,13808,90568,,,,,,,47083,22289,71877,53246,51653,54839,40,,24,,,,,,,,,,,,,,,,,,,10,8,4,15,10,,,,,,,,,,,,,,,,11,11,5,19,,,,,,,,,,,,,,,,,38,2000,19,33,6601,77,75,79,962,12,10,14,74,6406,73,76,20343,23.3,19.6,95,0.5,95,0.5,114,0.6,18,0.1,485,2.4,19387,95.3,152,1,0,1,49.1,16643,80.4,
63,55121,Wisconsin,Trempealeau,78.9,77.9,79.9,,,,,,,,,,,,,,,,340,308,274,342,,,,,,,,,,,,,,,,15,51,29,84,,,,,,,,,,,,,,,,,,,,,,,,,,,,,,,,,,,12,11,13,13,12,15,10,7,15,7,29,2140,7,93,0,,,,,,,,,,,,,,,,,,,,29,14,9,20,,,,,,,,,,,,,,,,33,32,35,1513,9,8,11,508,7,5,9,91,1098:1,422,93,6,2,10,2.9,,,2.4,3.0,2.8,,,2.4,3.0,61687,56584,66790,,,,77969,52097,103841,25078,22251,27905,48359,40758,55960,59347,57487,61207,45,63,52,,,,,,,,,,,,,,,,,,,23,17,10,26,16,,,,,,,,,,,,,,,,17,12,7,18,,,,,,,,,,,,,,,,,30,2800,11,41,8762,73,72,74,959,8,7,9,78,9390,77,79,29649,25.1,18.4,132,0.4,357,1.2,203,0.7,16,0.1,2659,9.0,26346,88.9,511,2,1,2,49.4,25823,89.6,
64,55123,Wisconsin,Vernon,80.8,79.8,81.8,,,,,,,,,,,,,,,,340,282,250,315,,,,,,,,,,,,,,,,14,44,24,73,,,,,,,,,,,,,,,,,,,,,,,,,,,,,,,,,,,13,12,15,15,13,16,13,9,19,6,24,3010,10,1823,6,,,,,,,,,,,,,,,,,,,,22,10,6,16,,,,,,,,,,,,,,,,32,30,33,1805,11,9,12,762,9,7,12,65,1541:1,309,94,19,13,25,3.1,,,,,3.0,,,,,56272,52682,59862,,,,123221,109702,136740,,,,82704,34310,131098,52405,50675,54135,42,,42,,,,,,,,,,,,,,,,,,,22,14,9,22,14,,,,,,,,,,,,,,,,16,10,6,17,,,,,,,,,,,,,,,,,12,3200,4,76,9387,78,76,79,1277,11,9,13,73,8804,71,75,30822,26.0,20.0,137,0.4,88,0.3,128,0.4,8,0.0,490,1.6,29685,96.3,209,1,0,1,49.6,25513,85.7,
65,55125,Wisconsin,Vilas,78.6,77.2,79.9,69.8,65.4,74.2,,,,,,,,,,79.5,78.1,80.8,372,364,317,410,823,611,1085,,,,,,,,,,335,286,383,,,,,,,,,,,,,,,,,,,,,,,,,,,,,,,,,,,,,,,13,12,14,14,12,15,12,9,15,,,2310,11,372,2,14,21,12,36,,,,,,,,,,,,,,,,36,24,17,33,,,,,,,,,,,,,,,,32,30,33,1208,11,9,12,247,7,5,8,36,2774:1,118,95,,,,3.0,,,,,3.1,,,,,55576,49803,61349,26587,21155,32019,,,,,,,44107,21950,66264,49144,46948,51340,56,,59,,,,,,,,,,,,,,,,,,,24,21,12,33,22,,,,,,,,,,,,,,,,19,17,11,27,,,,,,,,,,,,,,,,,26,1500,17,37,8482,78,73,82,1448,14,12,16,77,8425,75,80,22195,16.9,31.0,85,0.4,2418,10.9,143,0.6,4,0.0,620,2.8,18842,84.9,24,0,0,0,49.2,21430,100.0,
66,55127,Wisconsin,Walworth,79.4,78.9,80.0,,,,,,,,,,85.5,79.4,91.5,79.3,78.7,79.8,1155,301,282,319,,,,,,,,,,196,139,268,308,288,328,25,29,19,43,,,,,,,,,,,,,,,,31,4,3,6,,,,,,,,,,,,,,,,12,10,13,13,11,14,9,6,13,37,42,8090,8,8705,9,66,21,16,27,,,,,,,,,,,,,,,,81,11,9,14,,,,,,,,,,15,8,26,11,8,14,33,31,34,5734,9,8,10,1136,5,4,7,53,1889:1,1252,94,4,2,5,3.2,,,2.7,3.3,3.1,,,2.5,3.3,64682,60141,69223,51299,49833,52765,54091,9892,98290,19514,4388,34640,57348,48635,66061,64754,62506,67002,40,68,32,2,1,4,,,,,,,,,,,,,,,,75,15,12,19,15,,,,,,,,,,,,,,,,50,10,7,13,,,,,,,,,,,,,,,,,125,9200,14,175,28044,69,67,70,5407,14,12,15,83,33964,82,84,103868,20.3,18.4,1094,1.1,508,0.5,1120,1.1,60,0.1,11637,11.2,88643,85.3,1699,2,1,2,50.0,34959,34.2,
67,55129,Wisconsin,Washburn,79.6,78.3,80.9,,,,,,,,,,,,,,,,241,311,266,356,,,,,,,,,,,,,,,,,,,,,,,,,,,,,,,,,,,,,,,,,,,,,,,,,,,,,,13,11,14,14,12,15,12,8,19,,,1630,10,1090,7,,,,,,,,,,,,,,,,,,,,21,19,12,29,,,,,,,,,,,,,,,,33,31,34,733,9,7,10,149,5,3,6,51,1965:1,176,89,,,,2.9,,,,,3.0,,,,,52735,47068,58402,35167,1640,68694,,,,,,,,,,50805,49205,52405,52,,13,,,,,,,,,,,,,,,,,,,19,25,14,41,24,,,,,,,,,,,,,,,,12,15,8,27,,,,,,,,,,,,,,,,,12,1300,9,68,5791,80,78,82,754,11,9,12,77,5547,75,78,15720,18.8,27.4,47,0.3,276,1.8,105,0.7,8,0.1,307,2.0,14761,93.9,47,0,0,1,50.4,13238,83.2,
68,55131,Wisconsin,Washington,80.9,80.5,81.4,,,,,,,75.1,70.1,80.0,99.0,78.3,119.6,81.0,80.5,81.4,1240,240,226,254,,,,,,,,,,,,,,,,38,32,23,44,,,,,,,,,,,,,,,,35,4,3,5,,,,,,,,,,,,,,,,10,9,11,12,10,13,8,6,11,42,37,7710,6,3964,3,65,16,12,20,,,,,,,,,,,,,,,,77,8,6,10,,,,,,,,,,,,,,,,31,29,32,4073,5,4,6,881,3,2,4,60,1679:1,1639,93,4,2,6,3.4,4.0,2.5,3.0,3.4,3.5,3.9,2.1,3.0,3.6,81928,75982,87874,,,,107731,50030,165432,51852,34667,69037,46022,41846,50198,78544,76072,81016,21,53,33,,,,,,,,,,,,,,,,,,,98,14,11,17,15,,,,,,,,,,,,,,,,53,8,6,10,,,,,,,,,,,,,,,,,127,12700,10,274,42104,78,77,79,4097,8,7,9,87,47164,86,88,136034,21.6,18.5,1717,1.3,541,0.4,1997,1.5,60,0.0,4502,3.3,125871,92.5,615,0,0,1,50.3,40601,30.8,
69,55133,Wisconsin,Waukesha,81.6,81.3,81.9,,,,88.3,85.3,91.4,76.7,74.2,79.1,86.7,83.1,90.4,81.5,81.2,81.8,3493,227,219,235,,,,92,66,125,423,333,532,195,154,243,230,222,238,126,36,30,43,,,,,,,,,,51,28,86,34,27,41,121,5,4,5,,,,,,,,,,,,,,,,9,8,10,11,9,12,10,8,12,124,36,22040,6,19746,5,211,17,15,20,,,,,,,,,,,,,,,,171,6,5,7,,,,,,,,,,,,,,,,28,26,30,10339,4,4,5,2293,2,2,3,116,862:1,5220,95,2,2,3,3.4,3.7,2.8,2.8,3.5,3.6,4.1,2.6,2.8,3.7,91070,87168,94972,73281,17335,129227,132472,117478,147466,50379,42071,58687,66093,58658,73528,87537,86012,89062,17,56,34,1,1,2,,,,,,,,,,,,,,,,280,13,12,15,14,,,,,,,,,,,,,,,,161,8,7,9,,,,,,,,,,,,,,,,,118,37000,3,461,121146,76,76,77,15925,10,10,11,90,142836,89,90,404198,21.3,19.2,6622,1.6,1358,0.3,15536,3.8,203,0.1,19853,4.9,355637,88.0,2607,1,1,1,50.8,38445,9.9,
70,55135,Wisconsin,Waupaca,77.3,76.6,78.0,,,,,,,,,,,,,,,,761,368,340,396,,,,,,,,,,,,,,,,20,48,29,74,,,,,,,,,,,,,,,,,,,,,,,,,,,,,,,,,,,12,11,13,13,12,15,9,6,13,10,23,4550,9,1576,3,18,12,7,19,,,,,,,,,,,,,,,,69,19,15,24,,,,,,,,,,,,,,,,34,32,35,2268,8,6,9,449,4,3,5,98,1020:1,700,93,10,4,15,3.1,,,2.9,3.1,3.2,,,2.7,3.2,61773,57648,65898,53903,43999,63807,,,,,,,47820,27453,68187,59722,57259,62185,39,,37,,,,,,,,,,,,,,,,,,,46,18,13,24,18,,,,,,,,,,,,,,,,30,12,8,17,,,,,,,,,,,,,,,,,126,4400,29,109,16430,74,72,75,2197,10,9,12,79,17619,77,81,50990,20.2,21.3,247,0.5,398,0.8,299,0.6,11,0.0,1677,3.3,47944,94.0,340,1,0,1,49.3,34035,64.9,
71,55137,Wisconsin,Waushara,79.9,78.9,80.9,,,,,,,,,,,,,,,,378,321,285,357,,,,,,,,,,,,,,,,,,,,,,,,,,,,,,,,,,,,,,,,,,,,,,,,,,,,,,13,12,15,14,13,15,12,7,19,13,61,2180,9,114,0,,,,,,,,,,,,,,,,,,,,26,15,10,22,,,,,,,,,,,,,,,,35,33,36,1249,10,8,11,280,6,4,8,61,1630:1,185,91,6,2,9,3.0,,,2.6,3.1,3.0,,,2.6,3.0,55476,51171,59781,54167,31793,76541,56750,24048,89452,,,,51563,22694,80432,52890,51015,54765,55,,36,,,,,,,,,,,,,,,,,,,19,13,7,22,16,,,,,,,,,,,,,,,,16,13,8,21,,,,,,,,,,,,,,,,,39,1800,22,49,8110,82,80,83,992,10,9,12,75,7456,73,77,24443,18.2,25.0,483,2.0,193,0.8,133,0.5,17,0.1,1574,6.4,21865,89.5,249,1,1,1,47.4,21923,89.5,
72,55139,Wisconsin,Winnebago,79.8,79.4,80.2,,,,90.8,75.4,106.1,77.0,71.6,82.5,85.9,76.9,94.8,79.9,79.4,80.3,1796,298,284,313,,,,260,168,384,429,277,633,362,254,501,294,280,309,67,48,37,61,,,,,,,,,,,,,,,,69,5,4,7,,,,,,,,,,,,,,,,12,11,13,13,11,14,9,7,12,76,52,14460,9,8332,5,82,16,13,20,,,,,,,,,,,,,,,,94,8,6,10,,,,,,,,,,,,,,,,33,31,35,6426,6,5,7,1190,3,2,4,131,764:1,1677,92,4,2,6,3.0,2.9,2.4,2.6,3.1,3.1,2.9,2.3,2.6,3.2,59643,55573,63713,,,,58106,44927,71285,27365,23891,30839,51217,40903,61531,59736,57974,61498,39,53,34,1,1,2,,,,,,,,,,,,,,,,136,16,13,18,16,,,,,,,,,,,,,,,,75,9,7,11,,,,,,,,,,,,,,,,,555,13900,40,496,46039,65,64,66,7190,10,9,11,84,59191,83,85,171907,20.4,16.8,4044,2.4,1314,0.8,5258,3.1,101,0.1,7490,4.4,151256,88.0,1608,1,1,1,49.7,22429,13.4,
73,55141,Wisconsin,Wood,78.9,78.2,79.5,,,,,,,,,,92.0,70.4,113.7,79.0,78.3,79.7,969,342,319,365,,,,,,,,,,,,,,,,36,57,40,79,,,,,,,,,,,,,,,,37,7,5,9,,,,,,,,,,,,,,,,12,11,13,13,12,15,8,6,11,32,52,6640,9,4852,6,25,11,7,17,,,,,,,,,,,,,,,,62,12,9,15,,,,,,,,,,,,,,,,32,31,34,2872,7,6,8,689,4,3,5,184,545:1,989,93,6,3,10,3.1,2.8,,2.5,3.1,3.0,2.7,,2.1,3.1,57325,52615,62035,51607,36346,66868,76321,51750,100892,43714,34039,53389,28523,8141,48905,55548,53837,57259,41,65,40,,,,,,,,,,,,,,,,,,,61,16,12,21,17,,,,,,,,,,,,,,,,38,10,7,14,,,,,,,,,,,,,,,,,62,6300,10,234,23399,72,71,74,2939,9,8,11,81,26240,80,82,72999,21.6,21.1,630,0.9,726,1.0,1448,2.0,22,0.0,2323,3.2,67183,92.0,482,1,,,50.8,27420,36.7,
